-- Hotel Chain: LuxuryStay
INSERT INTO Hotel_Chain (Hotel_Chain_ID, Name, Number_Of_Hotels) VALUES (1, 'LuxuryStay', 14);
INSERT INTO Phone_Number (Phone_Number, Hotel_Chain_ID, Hotel_ID) VALUES ('+1-173-840-4928x19236', 1, NULL);
INSERT INTO Email (Email, Hotel_Chain_ID, Hotel_ID) VALUES ('simsralph@brown.info', 1, NULL);
INSERT INTO Office (Office_ID, Hotel_Chain_ID, Address) VALUES (1, 1, '6023 Luis Springs, North Evanview, KY 34819');
-- Hotel #1 in Houston, area: ['Downtown', 'Midtown', 'Museum District', 'Montrose']
INSERT INTO Hotel (Hotel_ID, Hotel_Chain_ID, Address, Star_Rating) VALUES (1, 1, '28719 Holder Stravenue Suite 159, Downtown, Houston', 1);
INSERT INTO Phone_Number (Phone_Number, Hotel_Chain_ID, Hotel_ID) VALUES ('001-501-152-7568x0219', NULL, 1);
INSERT INTO Email (Email, Hotel_Chain_ID, Hotel_ID) VALUES ('angelathompson@grant.com', NULL, 1);
INSERT INTO Room (Room_Number, Hotel_ID, Capacity, Price, View_Type, Availability, Is_Extendable) VALUES (1, 1, 1, 210, 'Sea View', TRUE, TRUE);
INSERT INTO Room (Room_Number, Hotel_ID, Capacity, Price, View_Type, Availability, Is_Extendable) VALUES (2, 1, 2, 186, 'Sea View', FALSE, FALSE);
INSERT INTO Room (Room_Number, Hotel_ID, Capacity, Price, View_Type, Availability, Is_Extendable) VALUES (3, 1, 3, 282, 'Mountain View', TRUE, TRUE);
INSERT INTO Room (Room_Number, Hotel_ID, Capacity, Price, View_Type, Availability, Is_Extendable) VALUES (4, 1, 4, 128, 'Mountain View', FALSE, TRUE);
INSERT INTO Room (Room_Number, Hotel_ID, Capacity, Price, View_Type, Availability, Is_Extendable) VALUES (5, 1, 5, 296, 'Mountain View', TRUE, TRUE);
-- Hotel #2 in Los Angeles, area: ['Hollywood', 'Downtown', 'Santa Monica', 'Beverly Hills']
INSERT INTO Hotel (Hotel_ID, Hotel_Chain_ID, Address, Star_Rating) VALUES (2, 1, '30825 Smith Mountain, Hollywood, Los Angeles', 3);
INSERT INTO Phone_Number (Phone_Number, Hotel_Chain_ID, Hotel_ID) VALUES ('590.789.5517x008', NULL, 2);
INSERT INTO Email (Email, Hotel_Chain_ID, Hotel_ID) VALUES ('charlesjones@hernandez.org', NULL, 2);
INSERT INTO Room (Room_Number, Hotel_ID, Capacity, Price, View_Type, Availability, Is_Extendable) VALUES (1, 2, 1, 120, 'Sea View', TRUE, TRUE);
INSERT INTO Room (Room_Number, Hotel_ID, Capacity, Price, View_Type, Availability, Is_Extendable) VALUES (2, 2, 2, 224, 'Mountain View', FALSE, TRUE);
INSERT INTO Room (Room_Number, Hotel_ID, Capacity, Price, View_Type, Availability, Is_Extendable) VALUES (3, 2, 3, 244, 'Sea View', FALSE, TRUE);
INSERT INTO Room (Room_Number, Hotel_ID, Capacity, Price, View_Type, Availability, Is_Extendable) VALUES (4, 2, 4, 230, 'Sea View', FALSE, FALSE);
INSERT INTO Room (Room_Number, Hotel_ID, Capacity, Price, View_Type, Availability, Is_Extendable) VALUES (5, 2, 5, 292, 'Mountain View', FALSE, FALSE);
-- Hotel #3 in San Francisco, area: ['Mission', 'SoMa', 'Chinatown', 'Nob Hill']
INSERT INTO Hotel (Hotel_ID, Hotel_Chain_ID, Address, Star_Rating) VALUES (3, 1, '52376 Campbell Drives, Mission, San Francisco', 3);
INSERT INTO Phone_Number (Phone_Number, Hotel_Chain_ID, Hotel_ID) VALUES ('+1-604-760-6827x299', NULL, 3);
INSERT INTO Email (Email, Hotel_Chain_ID, Hotel_ID) VALUES ('courtney93@anderson.com', NULL, 3);
INSERT INTO Room (Room_Number, Hotel_ID, Capacity, Price, View_Type, Availability, Is_Extendable) VALUES (1, 3, 1, 201, 'Mountain View', FALSE, TRUE);
INSERT INTO Room (Room_Number, Hotel_ID, Capacity, Price, View_Type, Availability, Is_Extendable) VALUES (2, 3, 2, 233, 'Sea View', TRUE, TRUE);
INSERT INTO Room (Room_Number, Hotel_ID, Capacity, Price, View_Type, Availability, Is_Extendable) VALUES (3, 3, 3, 245, 'Mountain View', TRUE, TRUE);
INSERT INTO Room (Room_Number, Hotel_ID, Capacity, Price, View_Type, Availability, Is_Extendable) VALUES (4, 3, 4, 245, 'Mountain View', FALSE, TRUE);
INSERT INTO Room (Room_Number, Hotel_ID, Capacity, Price, View_Type, Availability, Is_Extendable) VALUES (5, 3, 5, 131, 'Sea View', TRUE, TRUE);
-- Hotel #4 in Chicago, area: ['Loop', 'River North', 'Lincoln Park', 'Hyde Park']
INSERT INTO Hotel (Hotel_ID, Hotel_Chain_ID, Address, Star_Rating) VALUES (4, 1, '9191 Debra Isle, Loop, Chicago', 1);
INSERT INTO Phone_Number (Phone_Number, Hotel_Chain_ID, Hotel_ID) VALUES ('376.388.2197x11634', NULL, 4);
INSERT INTO Email (Email, Hotel_Chain_ID, Hotel_ID) VALUES ('hbowen@guzman-knight.com', NULL, 4);
INSERT INTO Room (Room_Number, Hotel_ID, Capacity, Price, View_Type, Availability, Is_Extendable) VALUES (1, 4, 1, 128, 'Mountain View', FALSE, FALSE);
INSERT INTO Room (Room_Number, Hotel_ID, Capacity, Price, View_Type, Availability, Is_Extendable) VALUES (2, 4, 2, 234, 'Mountain View', FALSE, TRUE);
INSERT INTO Room (Room_Number, Hotel_ID, Capacity, Price, View_Type, Availability, Is_Extendable) VALUES (3, 4, 3, 230, 'Sea View', FALSE, FALSE);
INSERT INTO Room (Room_Number, Hotel_ID, Capacity, Price, View_Type, Availability, Is_Extendable) VALUES (4, 4, 4, 233, 'Sea View', FALSE, TRUE);
INSERT INTO Room (Room_Number, Hotel_ID, Capacity, Price, View_Type, Availability, Is_Extendable) VALUES (5, 4, 5, 285, 'Mountain View', FALSE, TRUE);
-- Hotel #5 in Ottawa, area: ['ByWard Market', 'Centretown', 'Glebe', 'Kanata']
INSERT INTO Hotel (Hotel_ID, Hotel_Chain_ID, Address, Star_Rating) VALUES (5, 1, '5389 Michael Dale, ByWard Market, Ottawa', 5);
INSERT INTO Phone_Number (Phone_Number, Hotel_Chain_ID, Hotel_ID) VALUES ('001-550-866-0399', NULL, 5);
INSERT INTO Email (Email, Hotel_Chain_ID, Hotel_ID) VALUES ('bschultz@dominguez-horton.com', NULL, 5);
INSERT INTO Room (Room_Number, Hotel_ID, Capacity, Price, View_Type, Availability, Is_Extendable) VALUES (1, 5, 1, 139, 'Sea View', FALSE, FALSE);
INSERT INTO Room (Room_Number, Hotel_ID, Capacity, Price, View_Type, Availability, Is_Extendable) VALUES (2, 5, 2, 130, 'Sea View', TRUE, TRUE);
INSERT INTO Room (Room_Number, Hotel_ID, Capacity, Price, View_Type, Availability, Is_Extendable) VALUES (3, 5, 3, 189, 'Sea View', FALSE, FALSE);
INSERT INTO Room (Room_Number, Hotel_ID, Capacity, Price, View_Type, Availability, Is_Extendable) VALUES (4, 5, 4, 293, 'Sea View', TRUE, TRUE);
INSERT INTO Room (Room_Number, Hotel_ID, Capacity, Price, View_Type, Availability, Is_Extendable) VALUES (5, 5, 5, 225, 'Sea View', TRUE, FALSE);
-- Hotel #6 in Vancouver, area: ['Gastown', 'Downtown', 'Kitsilano', 'Richmond']
INSERT INTO Hotel (Hotel_ID, Hotel_Chain_ID, Address, Star_Rating) VALUES (6, 1, '44831 Rojas Square Suite 394, Gastown, Vancouver', 2);
INSERT INTO Phone_Number (Phone_Number, Hotel_Chain_ID, Hotel_ID) VALUES ('001-240-677-0869x63315', NULL, 6);
INSERT INTO Email (Email, Hotel_Chain_ID, Hotel_ID) VALUES ('jeromemartin@hayes.com', NULL, 6);
INSERT INTO Room (Room_Number, Hotel_ID, Capacity, Price, View_Type, Availability, Is_Extendable) VALUES (1, 6, 1, 206, 'Sea View', FALSE, FALSE);
INSERT INTO Room (Room_Number, Hotel_ID, Capacity, Price, View_Type, Availability, Is_Extendable) VALUES (2, 6, 2, 181, 'Mountain View', FALSE, TRUE);
INSERT INTO Room (Room_Number, Hotel_ID, Capacity, Price, View_Type, Availability, Is_Extendable) VALUES (3, 6, 3, 136, 'Mountain View', TRUE, FALSE);
INSERT INTO Room (Room_Number, Hotel_ID, Capacity, Price, View_Type, Availability, Is_Extendable) VALUES (4, 6, 4, 133, 'Sea View', TRUE, TRUE);
INSERT INTO Room (Room_Number, Hotel_ID, Capacity, Price, View_Type, Availability, Is_Extendable) VALUES (5, 6, 5, 254, 'Mountain View', FALSE, TRUE);
-- Hotel #7 in Boston, area: ['Back Bay', 'Beacon Hill', 'Cambridge', 'Charlestown']
INSERT INTO Hotel (Hotel_ID, Hotel_Chain_ID, Address, Star_Rating) VALUES (7, 1, '977 Scott Isle Apt. 549, Back Bay, Boston', 1);
INSERT INTO Phone_Number (Phone_Number, Hotel_Chain_ID, Hotel_ID) VALUES ('7048049294', NULL, 7);
INSERT INTO Email (Email, Hotel_Chain_ID, Hotel_ID) VALUES ('denise34@arnold.com', NULL, 7);
INSERT INTO Room (Room_Number, Hotel_ID, Capacity, Price, View_Type, Availability, Is_Extendable) VALUES (1, 7, 1, 245, 'Sea View', TRUE, TRUE);
INSERT INTO Room (Room_Number, Hotel_ID, Capacity, Price, View_Type, Availability, Is_Extendable) VALUES (2, 7, 2, 113, 'Sea View', FALSE, TRUE);
INSERT INTO Room (Room_Number, Hotel_ID, Capacity, Price, View_Type, Availability, Is_Extendable) VALUES (3, 7, 3, 273, 'Mountain View', TRUE, TRUE);
INSERT INTO Room (Room_Number, Hotel_ID, Capacity, Price, View_Type, Availability, Is_Extendable) VALUES (4, 7, 4, 222, 'Sea View', TRUE, FALSE);
INSERT INTO Room (Room_Number, Hotel_ID, Capacity, Price, View_Type, Availability, Is_Extendable) VALUES (5, 7, 5, 312, 'Sea View', TRUE, FALSE);
-- Hotel #8 in Washington DC, area: ['Georgetown', 'Dupont Circle', 'Capitol Hill', 'Adams Morgan']
INSERT INTO Hotel (Hotel_ID, Hotel_Chain_ID, Address, Star_Rating) VALUES (8, 1, '552 Martinez Street Apt. 832, Georgetown, Washington DC', 5);
INSERT INTO Phone_Number (Phone_Number, Hotel_Chain_ID, Hotel_ID) VALUES ('001-927-382-9058x0661', NULL, 8);
INSERT INTO Email (Email, Hotel_Chain_ID, Hotel_ID) VALUES ('robin10@hartman.com', NULL, 8);
INSERT INTO Room (Room_Number, Hotel_ID, Capacity, Price, View_Type, Availability, Is_Extendable) VALUES (1, 8, 1, 204, 'Sea View', FALSE, TRUE);
INSERT INTO Room (Room_Number, Hotel_ID, Capacity, Price, View_Type, Availability, Is_Extendable) VALUES (2, 8, 2, 205, 'Sea View', TRUE, FALSE);
INSERT INTO Room (Room_Number, Hotel_ID, Capacity, Price, View_Type, Availability, Is_Extendable) VALUES (3, 8, 3, 144, 'Sea View', TRUE, TRUE);
INSERT INTO Room (Room_Number, Hotel_ID, Capacity, Price, View_Type, Availability, Is_Extendable) VALUES (4, 8, 4, 208, 'Sea View', FALSE, TRUE);
INSERT INTO Room (Room_Number, Hotel_ID, Capacity, Price, View_Type, Availability, Is_Extendable) VALUES (5, 8, 5, 158, 'Sea View', FALSE, FALSE);
-- Hotel #9 in Seattle, area: ['Downtown', 'Capitol Hill', 'Ballard', 'Fremont']
INSERT INTO Hotel (Hotel_ID, Hotel_Chain_ID, Address, Star_Rating) VALUES (9, 1, '2971 Byrd Summit, Downtown, Seattle', 3);
INSERT INTO Phone_Number (Phone_Number, Hotel_Chain_ID, Hotel_ID) VALUES ('195-886-9066x56413', NULL, 9);
INSERT INTO Email (Email, Hotel_Chain_ID, Hotel_ID) VALUES ('amandalittle@reynolds.net', NULL, 9);
INSERT INTO Room (Room_Number, Hotel_ID, Capacity, Price, View_Type, Availability, Is_Extendable) VALUES (1, 9, 1, 114, 'Mountain View', TRUE, TRUE);
INSERT INTO Room (Room_Number, Hotel_ID, Capacity, Price, View_Type, Availability, Is_Extendable) VALUES (2, 9, 2, 183, 'Mountain View', TRUE, FALSE);
INSERT INTO Room (Room_Number, Hotel_ID, Capacity, Price, View_Type, Availability, Is_Extendable) VALUES (3, 9, 3, 286, 'Sea View', TRUE, TRUE);
INSERT INTO Room (Room_Number, Hotel_ID, Capacity, Price, View_Type, Availability, Is_Extendable) VALUES (4, 9, 4, 287, 'Mountain View', FALSE, FALSE);
INSERT INTO Room (Room_Number, Hotel_ID, Capacity, Price, View_Type, Availability, Is_Extendable) VALUES (5, 9, 5, 174, 'Mountain View', TRUE, TRUE);
-- Hotel #10 in Miami, area: ['South Beach', 'Downtown', 'Wynwood', 'Brickell']
INSERT INTO Hotel (Hotel_ID, Hotel_Chain_ID, Address, Star_Rating) VALUES (10, 1, '6662 Kevin Station, South Beach, Miami', 2);
INSERT INTO Phone_Number (Phone_Number, Hotel_Chain_ID, Hotel_ID) VALUES ('985-642-9727x03723', NULL, 10);
INSERT INTO Email (Email, Hotel_Chain_ID, Hotel_ID) VALUES ('fgonzalez@walters-vaughan.com', NULL, 10);
INSERT INTO Room (Room_Number, Hotel_ID, Capacity, Price, View_Type, Availability, Is_Extendable) VALUES (1, 10, 1, 235, 'Mountain View', TRUE, TRUE);
INSERT INTO Room (Room_Number, Hotel_ID, Capacity, Price, View_Type, Availability, Is_Extendable) VALUES (2, 10, 2, 140, 'Mountain View', TRUE, FALSE);
INSERT INTO Room (Room_Number, Hotel_ID, Capacity, Price, View_Type, Availability, Is_Extendable) VALUES (3, 10, 3, 308, 'Mountain View', TRUE, FALSE);
INSERT INTO Room (Room_Number, Hotel_ID, Capacity, Price, View_Type, Availability, Is_Extendable) VALUES (4, 10, 4, 216, 'Mountain View', TRUE, TRUE);
INSERT INTO Room (Room_Number, Hotel_ID, Capacity, Price, View_Type, Availability, Is_Extendable) VALUES (5, 10, 5, 193, 'Sea View', TRUE, TRUE);
-- Hotel #11 in New York, area: ['Manhattan', 'Brooklyn', 'Queens', 'Bronx']
INSERT INTO Hotel (Hotel_ID, Hotel_Chain_ID, Address, Star_Rating) VALUES (11, 1, '31149 Jones Centers Apt. 216, Manhattan, New York', 5);
INSERT INTO Phone_Number (Phone_Number, Hotel_Chain_ID, Hotel_ID) VALUES ('072.380.7103', NULL, 11);
INSERT INTO Email (Email, Hotel_Chain_ID, Hotel_ID) VALUES ('velezlaura@davis.com', NULL, 11);
INSERT INTO Room (Room_Number, Hotel_ID, Capacity, Price, View_Type, Availability, Is_Extendable) VALUES (1, 11, 1, 286, 'Mountain View', FALSE, FALSE);
INSERT INTO Room (Room_Number, Hotel_ID, Capacity, Price, View_Type, Availability, Is_Extendable) VALUES (2, 11, 2, 295, 'Sea View', TRUE, TRUE);
INSERT INTO Room (Room_Number, Hotel_ID, Capacity, Price, View_Type, Availability, Is_Extendable) VALUES (3, 11, 3, 299, 'Mountain View', FALSE, TRUE);
INSERT INTO Room (Room_Number, Hotel_ID, Capacity, Price, View_Type, Availability, Is_Extendable) VALUES (4, 11, 4, 294, 'Mountain View', TRUE, FALSE);
INSERT INTO Room (Room_Number, Hotel_ID, Capacity, Price, View_Type, Availability, Is_Extendable) VALUES (5, 11, 5, 245, 'Sea View', FALSE, TRUE);
-- Hotel #12 in Calgary, area: ['Downtown', 'Beltline', 'Bridgeland', 'Inglewood']
INSERT INTO Hotel (Hotel_ID, Hotel_Chain_ID, Address, Star_Rating) VALUES (12, 1, '8983 Dickson Square, Downtown, Calgary', 5);
INSERT INTO Phone_Number (Phone_Number, Hotel_Chain_ID, Hotel_ID) VALUES ('173.316.3697', NULL, 12);
INSERT INTO Email (Email, Hotel_Chain_ID, Hotel_ID) VALUES ('derekwebster@thompson.com', NULL, 12);
INSERT INTO Room (Room_Number, Hotel_ID, Capacity, Price, View_Type, Availability, Is_Extendable) VALUES (1, 12, 1, 105, 'Sea View', FALSE, FALSE);
INSERT INTO Room (Room_Number, Hotel_ID, Capacity, Price, View_Type, Availability, Is_Extendable) VALUES (2, 12, 2, 276, 'Mountain View', TRUE, TRUE);
INSERT INTO Room (Room_Number, Hotel_ID, Capacity, Price, View_Type, Availability, Is_Extendable) VALUES (3, 12, 3, 271, 'Mountain View', FALSE, FALSE);
INSERT INTO Room (Room_Number, Hotel_ID, Capacity, Price, View_Type, Availability, Is_Extendable) VALUES (4, 12, 4, 180, 'Mountain View', TRUE, TRUE);
INSERT INTO Room (Room_Number, Hotel_ID, Capacity, Price, View_Type, Availability, Is_Extendable) VALUES (5, 12, 5, 171, 'Sea View', TRUE, TRUE);
-- Hotel #13 in New York, area: Bronx
INSERT INTO Hotel (Hotel_ID, Hotel_Chain_ID, Address, Star_Rating) VALUES (13, 1, '3956 Jordan Summit, Bronx, New York', 4);
INSERT INTO Phone_Number (Phone_Number, Hotel_Chain_ID, Hotel_ID) VALUES ('973-273-5119x70378', NULL, 13);
INSERT INTO Email (Email, Hotel_Chain_ID, Hotel_ID) VALUES ('abaker@martinez.biz', NULL, 13);
INSERT INTO Room (Room_Number, Hotel_ID, Capacity, Price, View_Type, Availability, Is_Extendable) VALUES (1, 13, 1, 206, 'Sea View', FALSE, FALSE);
INSERT INTO Room (Room_Number, Hotel_ID, Capacity, Price, View_Type, Availability, Is_Extendable) VALUES (2, 13, 2, 112, 'Sea View', TRUE, TRUE);
INSERT INTO Room (Room_Number, Hotel_ID, Capacity, Price, View_Type, Availability, Is_Extendable) VALUES (3, 13, 3, 201, 'Mountain View', FALSE, TRUE);
INSERT INTO Room (Room_Number, Hotel_ID, Capacity, Price, View_Type, Availability, Is_Extendable) VALUES (4, 13, 4, 155, 'Sea View', TRUE, FALSE);
INSERT INTO Room (Room_Number, Hotel_ID, Capacity, Price, View_Type, Availability, Is_Extendable) VALUES (5, 13, 5, 176, 'Mountain View', TRUE, FALSE);
-- Hotel #14 in New York, area: Bronx
INSERT INTO Hotel (Hotel_ID, Hotel_Chain_ID, Address, Star_Rating) VALUES (14, 1, '504 Hahn Pike, Bronx, New York', 4);
INSERT INTO Phone_Number (Phone_Number, Hotel_Chain_ID, Hotel_ID) VALUES ('(564)474-8120', NULL, 14);
INSERT INTO Email (Email, Hotel_Chain_ID, Hotel_ID) VALUES ('sarahallison@fields.net', NULL, 14);
INSERT INTO Room (Room_Number, Hotel_ID, Capacity, Price, View_Type, Availability, Is_Extendable) VALUES (1, 14, 1, 193, 'Mountain View', FALSE, TRUE);
INSERT INTO Room (Room_Number, Hotel_ID, Capacity, Price, View_Type, Availability, Is_Extendable) VALUES (2, 14, 2, 228, 'Sea View', TRUE, TRUE);
INSERT INTO Room (Room_Number, Hotel_ID, Capacity, Price, View_Type, Availability, Is_Extendable) VALUES (3, 14, 3, 139, 'Mountain View', TRUE, TRUE);
INSERT INTO Room (Room_Number, Hotel_ID, Capacity, Price, View_Type, Availability, Is_Extendable) VALUES (4, 14, 4, 233, 'Sea View', TRUE, TRUE);
INSERT INTO Room (Room_Number, Hotel_ID, Capacity, Price, View_Type, Availability, Is_Extendable) VALUES (5, 14, 5, 176, 'Sea View', TRUE, TRUE);
-- Hotel Chain: BudgetInn
INSERT INTO Hotel_Chain (Hotel_Chain_ID, Name, Number_Of_Hotels) VALUES (2, 'BudgetInn', 14);
INSERT INTO Phone_Number (Phone_Number, Hotel_Chain_ID, Hotel_ID) VALUES ('(566)019-0111x16049', 2, NULL);
INSERT INTO Email (Email, Hotel_Chain_ID, Hotel_ID) VALUES ('qking@kennedy.info', 2, NULL);
INSERT INTO Office (Office_ID, Hotel_Chain_ID, Address) VALUES (2, 2, '832 Mullins Loaf, Kelleyhaven, VA 58388');
-- Hotel #15 in Toronto, area: ['Downtown', 'North York', 'Scarborough', 'Etobicoke']
INSERT INTO Hotel (Hotel_ID, Hotel_Chain_ID, Address, Star_Rating) VALUES (15, 2, '82158 Kathleen Alley, Downtown, Toronto', 1);
INSERT INTO Phone_Number (Phone_Number, Hotel_Chain_ID, Hotel_ID) VALUES ('001-653-390-1772', NULL, 15);
INSERT INTO Email (Email, Hotel_Chain_ID, Hotel_ID) VALUES ('amandarogers@fisher.com', NULL, 15);
INSERT INTO Room (Room_Number, Hotel_ID, Capacity, Price, View_Type, Availability, Is_Extendable) VALUES (1, 15, 1, 200, 'Sea View', FALSE, TRUE);
INSERT INTO Room (Room_Number, Hotel_ID, Capacity, Price, View_Type, Availability, Is_Extendable) VALUES (2, 15, 2, 136, 'Sea View', TRUE, TRUE);
INSERT INTO Room (Room_Number, Hotel_ID, Capacity, Price, View_Type, Availability, Is_Extendable) VALUES (3, 15, 3, 193, 'Sea View', TRUE, FALSE);
INSERT INTO Room (Room_Number, Hotel_ID, Capacity, Price, View_Type, Availability, Is_Extendable) VALUES (4, 15, 4, 243, 'Sea View', TRUE, FALSE);
INSERT INTO Room (Room_Number, Hotel_ID, Capacity, Price, View_Type, Availability, Is_Extendable) VALUES (5, 15, 5, 141, 'Sea View', TRUE, FALSE);
-- Hotel #16 in Ottawa, area: ['ByWard Market', 'Centretown', 'Glebe', 'Kanata']
INSERT INTO Hotel (Hotel_ID, Hotel_Chain_ID, Address, Star_Rating) VALUES (16, 2, '290 Martinez Corners Apt. 559, ByWard Market, Ottawa', 5);
INSERT INTO Phone_Number (Phone_Number, Hotel_Chain_ID, Hotel_ID) VALUES ('087.000.2681', NULL, 16);
INSERT INTO Email (Email, Hotel_Chain_ID, Hotel_ID) VALUES ('christinahenderson@klein-stone.com', NULL, 16);
INSERT INTO Room (Room_Number, Hotel_ID, Capacity, Price, View_Type, Availability, Is_Extendable) VALUES (1, 16, 1, 144, 'Mountain View', FALSE, FALSE);
INSERT INTO Room (Room_Number, Hotel_ID, Capacity, Price, View_Type, Availability, Is_Extendable) VALUES (2, 16, 2, 227, 'Mountain View', FALSE, TRUE);
INSERT INTO Room (Room_Number, Hotel_ID, Capacity, Price, View_Type, Availability, Is_Extendable) VALUES (3, 16, 3, 265, 'Sea View', FALSE, FALSE);
INSERT INTO Room (Room_Number, Hotel_ID, Capacity, Price, View_Type, Availability, Is_Extendable) VALUES (4, 16, 4, 317, 'Sea View', FALSE, FALSE);
INSERT INTO Room (Room_Number, Hotel_ID, Capacity, Price, View_Type, Availability, Is_Extendable) VALUES (5, 16, 5, 321, 'Sea View', TRUE, TRUE);
-- Hotel #17 in Calgary, area: ['Downtown', 'Beltline', 'Bridgeland', 'Inglewood']
INSERT INTO Hotel (Hotel_ID, Hotel_Chain_ID, Address, Star_Rating) VALUES (17, 2, '346 Sonya Throughway Apt. 074, Downtown, Calgary', 3);
INSERT INTO Phone_Number (Phone_Number, Hotel_Chain_ID, Hotel_ID) VALUES ('183.732.0223', NULL, 17);
INSERT INTO Email (Email, Hotel_Chain_ID, Hotel_ID) VALUES ('christinaburns@dominguez-phillips.com', NULL, 17);
INSERT INTO Room (Room_Number, Hotel_ID, Capacity, Price, View_Type, Availability, Is_Extendable) VALUES (1, 17, 1, 131, 'Sea View', TRUE, FALSE);
INSERT INTO Room (Room_Number, Hotel_ID, Capacity, Price, View_Type, Availability, Is_Extendable) VALUES (2, 17, 2, 303, 'Sea View', TRUE, TRUE);
INSERT INTO Room (Room_Number, Hotel_ID, Capacity, Price, View_Type, Availability, Is_Extendable) VALUES (3, 17, 3, 237, 'Mountain View', TRUE, FALSE);
INSERT INTO Room (Room_Number, Hotel_ID, Capacity, Price, View_Type, Availability, Is_Extendable) VALUES (4, 17, 4, 170, 'Sea View', FALSE, FALSE);
INSERT INTO Room (Room_Number, Hotel_ID, Capacity, Price, View_Type, Availability, Is_Extendable) VALUES (5, 17, 5, 242, 'Mountain View', FALSE, TRUE);
-- Hotel #18 in Montreal, area: ['Old Montreal', 'Plateau', 'Downtown', 'Griffintown']
INSERT INTO Hotel (Hotel_ID, Hotel_Chain_ID, Address, Star_Rating) VALUES (18, 2, '83268 Perez Hill, Old Montreal, Montreal', 3);
INSERT INTO Phone_Number (Phone_Number, Hotel_Chain_ID, Hotel_ID) VALUES ('478-183-8221', NULL, 18);
INSERT INTO Email (Email, Hotel_Chain_ID, Hotel_ID) VALUES ('carrillostephanie@mann-hernandez.com', NULL, 18);
INSERT INTO Room (Room_Number, Hotel_ID, Capacity, Price, View_Type, Availability, Is_Extendable) VALUES (1, 18, 1, 293, 'Mountain View', FALSE, FALSE);
INSERT INTO Room (Room_Number, Hotel_ID, Capacity, Price, View_Type, Availability, Is_Extendable) VALUES (2, 18, 2, 189, 'Sea View', TRUE, FALSE);
INSERT INTO Room (Room_Number, Hotel_ID, Capacity, Price, View_Type, Availability, Is_Extendable) VALUES (3, 18, 3, 244, 'Mountain View', FALSE, TRUE);
INSERT INTO Room (Room_Number, Hotel_ID, Capacity, Price, View_Type, Availability, Is_Extendable) VALUES (4, 18, 4, 184, 'Mountain View', TRUE, FALSE);
INSERT INTO Room (Room_Number, Hotel_ID, Capacity, Price, View_Type, Availability, Is_Extendable) VALUES (5, 18, 5, 118, 'Mountain View', FALSE, TRUE);
-- Hotel #19 in Washington DC, area: ['Georgetown', 'Dupont Circle', 'Capitol Hill', 'Adams Morgan']
INSERT INTO Hotel (Hotel_ID, Hotel_Chain_ID, Address, Star_Rating) VALUES (19, 2, '29193 Gomez Ville, Georgetown, Washington DC', 2);
INSERT INTO Phone_Number (Phone_Number, Hotel_Chain_ID, Hotel_ID) VALUES ('(646)720-4557x70777', NULL, 19);
INSERT INTO Email (Email, Hotel_Chain_ID, Hotel_ID) VALUES ('josephhoward@carr-kaiser.org', NULL, 19);
INSERT INTO Room (Room_Number, Hotel_ID, Capacity, Price, View_Type, Availability, Is_Extendable) VALUES (1, 19, 1, 274, 'Sea View', FALSE, TRUE);
INSERT INTO Room (Room_Number, Hotel_ID, Capacity, Price, View_Type, Availability, Is_Extendable) VALUES (2, 19, 2, 166, 'Mountain View', FALSE, FALSE);
INSERT INTO Room (Room_Number, Hotel_ID, Capacity, Price, View_Type, Availability, Is_Extendable) VALUES (3, 19, 3, 288, 'Sea View', FALSE, FALSE);
INSERT INTO Room (Room_Number, Hotel_ID, Capacity, Price, View_Type, Availability, Is_Extendable) VALUES (4, 19, 4, 126, 'Mountain View', FALSE, TRUE);
INSERT INTO Room (Room_Number, Hotel_ID, Capacity, Price, View_Type, Availability, Is_Extendable) VALUES (5, 19, 5, 143, 'Mountain View', TRUE, TRUE);
-- Hotel #20 in Houston, area: ['Downtown', 'Midtown', 'Museum District', 'Montrose']
INSERT INTO Hotel (Hotel_ID, Hotel_Chain_ID, Address, Star_Rating) VALUES (20, 2, '8961 Pearson Mountain, Downtown, Houston', 1);
INSERT INTO Phone_Number (Phone_Number, Hotel_Chain_ID, Hotel_ID) VALUES ('026.219.9237x52611', NULL, 20);
INSERT INTO Email (Email, Hotel_Chain_ID, Hotel_ID) VALUES ('finleymegan@miller.org', NULL, 20);
INSERT INTO Room (Room_Number, Hotel_ID, Capacity, Price, View_Type, Availability, Is_Extendable) VALUES (1, 20, 1, 226, 'Sea View', TRUE, FALSE);
INSERT INTO Room (Room_Number, Hotel_ID, Capacity, Price, View_Type, Availability, Is_Extendable) VALUES (2, 20, 2, 102, 'Mountain View', FALSE, FALSE);
INSERT INTO Room (Room_Number, Hotel_ID, Capacity, Price, View_Type, Availability, Is_Extendable) VALUES (3, 20, 3, 224, 'Sea View', FALSE, TRUE);
INSERT INTO Room (Room_Number, Hotel_ID, Capacity, Price, View_Type, Availability, Is_Extendable) VALUES (4, 20, 4, 186, 'Mountain View', TRUE, TRUE);
INSERT INTO Room (Room_Number, Hotel_ID, Capacity, Price, View_Type, Availability, Is_Extendable) VALUES (5, 20, 5, 279, 'Sea View', TRUE, TRUE);
-- Hotel #21 in Vancouver, area: ['Gastown', 'Downtown', 'Kitsilano', 'Richmond']
INSERT INTO Hotel (Hotel_ID, Hotel_Chain_ID, Address, Star_Rating) VALUES (21, 2, '19863 Caroline Brooks, Gastown, Vancouver', 5);
INSERT INTO Phone_Number (Phone_Number, Hotel_Chain_ID, Hotel_ID) VALUES ('+1-428-597-5474', NULL, 21);
INSERT INTO Email (Email, Hotel_Chain_ID, Hotel_ID) VALUES ('tguerrero@nichols-delgado.info', NULL, 21);
INSERT INTO Room (Room_Number, Hotel_ID, Capacity, Price, View_Type, Availability, Is_Extendable) VALUES (1, 21, 1, 139, 'Sea View', TRUE, TRUE);
INSERT INTO Room (Room_Number, Hotel_ID, Capacity, Price, View_Type, Availability, Is_Extendable) VALUES (2, 21, 2, 104, 'Sea View', FALSE, FALSE);
INSERT INTO Room (Room_Number, Hotel_ID, Capacity, Price, View_Type, Availability, Is_Extendable) VALUES (3, 21, 3, 155, 'Sea View', TRUE, TRUE);
INSERT INTO Room (Room_Number, Hotel_ID, Capacity, Price, View_Type, Availability, Is_Extendable) VALUES (4, 21, 4, 204, 'Mountain View', TRUE, FALSE);
INSERT INTO Room (Room_Number, Hotel_ID, Capacity, Price, View_Type, Availability, Is_Extendable) VALUES (5, 21, 5, 239, 'Sea View', TRUE, TRUE);
-- Hotel #22 in New York, area: ['Manhattan', 'Brooklyn', 'Queens', 'Bronx']
INSERT INTO Hotel (Hotel_ID, Hotel_Chain_ID, Address, Star_Rating) VALUES (22, 2, '8512 Eric Trail, Manhattan, New York', 1);
INSERT INTO Phone_Number (Phone_Number, Hotel_Chain_ID, Hotel_ID) VALUES ('001-768-697-7317x7608', NULL, 22);
INSERT INTO Email (Email, Hotel_Chain_ID, Hotel_ID) VALUES ('allison74@harris-turner.com', NULL, 22);
INSERT INTO Room (Room_Number, Hotel_ID, Capacity, Price, View_Type, Availability, Is_Extendable) VALUES (1, 22, 1, 150, 'Mountain View', FALSE, TRUE);
INSERT INTO Room (Room_Number, Hotel_ID, Capacity, Price, View_Type, Availability, Is_Extendable) VALUES (2, 22, 2, 129, 'Sea View', FALSE, FALSE);
INSERT INTO Room (Room_Number, Hotel_ID, Capacity, Price, View_Type, Availability, Is_Extendable) VALUES (3, 22, 3, 163, 'Mountain View', FALSE, TRUE);
INSERT INTO Room (Room_Number, Hotel_ID, Capacity, Price, View_Type, Availability, Is_Extendable) VALUES (4, 22, 4, 113, 'Sea View', FALSE, FALSE);
INSERT INTO Room (Room_Number, Hotel_ID, Capacity, Price, View_Type, Availability, Is_Extendable) VALUES (5, 22, 5, 260, 'Mountain View', FALSE, FALSE);
-- Hotel #23 in Chicago, area: ['Loop', 'River North', 'Lincoln Park', 'Hyde Park']
INSERT INTO Hotel (Hotel_ID, Hotel_Chain_ID, Address, Star_Rating) VALUES (23, 2, '34067 Kathleen Way, Loop, Chicago', 1);
INSERT INTO Phone_Number (Phone_Number, Hotel_Chain_ID, Hotel_ID) VALUES ('+1-740-988-8617', NULL, 23);
INSERT INTO Email (Email, Hotel_Chain_ID, Hotel_ID) VALUES ('kathleenmelton@james.biz', NULL, 23);
INSERT INTO Room (Room_Number, Hotel_ID, Capacity, Price, View_Type, Availability, Is_Extendable) VALUES (1, 23, 1, 243, 'Sea View', FALSE, FALSE);
INSERT INTO Room (Room_Number, Hotel_ID, Capacity, Price, View_Type, Availability, Is_Extendable) VALUES (2, 23, 2, 277, 'Sea View', TRUE, FALSE);
INSERT INTO Room (Room_Number, Hotel_ID, Capacity, Price, View_Type, Availability, Is_Extendable) VALUES (3, 23, 3, 290, 'Mountain View', FALSE, TRUE);
INSERT INTO Room (Room_Number, Hotel_ID, Capacity, Price, View_Type, Availability, Is_Extendable) VALUES (4, 23, 4, 151, 'Mountain View', FALSE, FALSE);
INSERT INTO Room (Room_Number, Hotel_ID, Capacity, Price, View_Type, Availability, Is_Extendable) VALUES (5, 23, 5, 234, 'Sea View', TRUE, FALSE);
-- Hotel #24 in Seattle, area: ['Downtown', 'Capitol Hill', 'Ballard', 'Fremont']
INSERT INTO Hotel (Hotel_ID, Hotel_Chain_ID, Address, Star_Rating) VALUES (24, 2, '91427 Stanley Greens, Downtown, Seattle', 3);
INSERT INTO Phone_Number (Phone_Number, Hotel_Chain_ID, Hotel_ID) VALUES ('113.378.0847', NULL, 24);
INSERT INTO Email (Email, Hotel_Chain_ID, Hotel_ID) VALUES ('udawson@young.com', NULL, 24);
INSERT INTO Room (Room_Number, Hotel_ID, Capacity, Price, View_Type, Availability, Is_Extendable) VALUES (1, 24, 1, 178, 'Sea View', FALSE, TRUE);
INSERT INTO Room (Room_Number, Hotel_ID, Capacity, Price, View_Type, Availability, Is_Extendable) VALUES (2, 24, 2, 114, 'Mountain View', TRUE, TRUE);
INSERT INTO Room (Room_Number, Hotel_ID, Capacity, Price, View_Type, Availability, Is_Extendable) VALUES (3, 24, 3, 232, 'Mountain View', TRUE, TRUE);
INSERT INTO Room (Room_Number, Hotel_ID, Capacity, Price, View_Type, Availability, Is_Extendable) VALUES (4, 24, 4, 205, 'Sea View', TRUE, FALSE);
INSERT INTO Room (Room_Number, Hotel_ID, Capacity, Price, View_Type, Availability, Is_Extendable) VALUES (5, 24, 5, 286, 'Mountain View', TRUE, TRUE);
-- Hotel #25 in San Francisco, area: ['Mission', 'SoMa', 'Chinatown', 'Nob Hill']
INSERT INTO Hotel (Hotel_ID, Hotel_Chain_ID, Address, Star_Rating) VALUES (25, 2, '0334 Scott Drives Suite 172, Mission, San Francisco', 3);
INSERT INTO Phone_Number (Phone_Number, Hotel_Chain_ID, Hotel_ID) VALUES ('883.788.6194', NULL, 25);
INSERT INTO Email (Email, Hotel_Chain_ID, Hotel_ID) VALUES ('sharon90@riley.com', NULL, 25);
INSERT INTO Room (Room_Number, Hotel_ID, Capacity, Price, View_Type, Availability, Is_Extendable) VALUES (1, 25, 1, 272, 'Mountain View', FALSE, FALSE);
INSERT INTO Room (Room_Number, Hotel_ID, Capacity, Price, View_Type, Availability, Is_Extendable) VALUES (2, 25, 2, 185, 'Mountain View', TRUE, TRUE);
INSERT INTO Room (Room_Number, Hotel_ID, Capacity, Price, View_Type, Availability, Is_Extendable) VALUES (3, 25, 3, 162, 'Sea View', TRUE, TRUE);
INSERT INTO Room (Room_Number, Hotel_ID, Capacity, Price, View_Type, Availability, Is_Extendable) VALUES (4, 25, 4, 161, 'Sea View', FALSE, TRUE);
INSERT INTO Room (Room_Number, Hotel_ID, Capacity, Price, View_Type, Availability, Is_Extendable) VALUES (5, 25, 5, 266, 'Sea View', FALSE, TRUE);
-- Hotel #26 in Miami, area: ['South Beach', 'Downtown', 'Wynwood', 'Brickell']
INSERT INTO Hotel (Hotel_ID, Hotel_Chain_ID, Address, Star_Rating) VALUES (26, 2, '042 Christian Springs Apt. 194, South Beach, Miami', 5);
INSERT INTO Phone_Number (Phone_Number, Hotel_Chain_ID, Hotel_ID) VALUES ('001-012-378-1266x0295', NULL, 26);
INSERT INTO Email (Email, Hotel_Chain_ID, Hotel_ID) VALUES ('rsharp@patterson.com', NULL, 26);
INSERT INTO Room (Room_Number, Hotel_ID, Capacity, Price, View_Type, Availability, Is_Extendable) VALUES (1, 26, 1, 178, 'Sea View', FALSE, FALSE);
INSERT INTO Room (Room_Number, Hotel_ID, Capacity, Price, View_Type, Availability, Is_Extendable) VALUES (2, 26, 2, 281, 'Mountain View', TRUE, TRUE);
INSERT INTO Room (Room_Number, Hotel_ID, Capacity, Price, View_Type, Availability, Is_Extendable) VALUES (3, 26, 3, 171, 'Sea View', FALSE, FALSE);
INSERT INTO Room (Room_Number, Hotel_ID, Capacity, Price, View_Type, Availability, Is_Extendable) VALUES (4, 26, 4, 176, 'Sea View', FALSE, FALSE);
INSERT INTO Room (Room_Number, Hotel_ID, Capacity, Price, View_Type, Availability, Is_Extendable) VALUES (5, 26, 5, 154, 'Mountain View', TRUE, TRUE);
-- Hotel #27 in Seattle, area: Capitol Hill
INSERT INTO Hotel (Hotel_ID, Hotel_Chain_ID, Address, Star_Rating) VALUES (27, 2, '0303 Gordon Cliff Apt. 692, Capitol Hill, Seattle', 1);
INSERT INTO Phone_Number (Phone_Number, Hotel_Chain_ID, Hotel_ID) VALUES ('001-662-313-0293x3628', NULL, 27);
INSERT INTO Email (Email, Hotel_Chain_ID, Hotel_ID) VALUES ('perezkrystal@wilson.net', NULL, 27);
INSERT INTO Room (Room_Number, Hotel_ID, Capacity, Price, View_Type, Availability, Is_Extendable) VALUES (1, 27, 1, 292, 'Mountain View', FALSE, TRUE);
INSERT INTO Room (Room_Number, Hotel_ID, Capacity, Price, View_Type, Availability, Is_Extendable) VALUES (2, 27, 2, 238, 'Mountain View', FALSE, FALSE);
INSERT INTO Room (Room_Number, Hotel_ID, Capacity, Price, View_Type, Availability, Is_Extendable) VALUES (3, 27, 3, 196, 'Sea View', TRUE, FALSE);
INSERT INTO Room (Room_Number, Hotel_ID, Capacity, Price, View_Type, Availability, Is_Extendable) VALUES (4, 27, 4, 258, 'Mountain View', FALSE, TRUE);
INSERT INTO Room (Room_Number, Hotel_ID, Capacity, Price, View_Type, Availability, Is_Extendable) VALUES (5, 27, 5, 286, 'Mountain View', TRUE, TRUE);
-- Hotel #28 in Seattle, area: Capitol Hill
INSERT INTO Hotel (Hotel_ID, Hotel_Chain_ID, Address, Star_Rating) VALUES (28, 2, '311 Amanda Glens Apt. 616, Capitol Hill, Seattle', 1);
INSERT INTO Phone_Number (Phone_Number, Hotel_Chain_ID, Hotel_ID) VALUES ('(210)245-4618', NULL, 28);
INSERT INTO Email (Email, Hotel_Chain_ID, Hotel_ID) VALUES ('rhondajames@johnston.com', NULL, 28);
INSERT INTO Room (Room_Number, Hotel_ID, Capacity, Price, View_Type, Availability, Is_Extendable) VALUES (1, 28, 1, 232, 'Sea View', FALSE, FALSE);
INSERT INTO Room (Room_Number, Hotel_ID, Capacity, Price, View_Type, Availability, Is_Extendable) VALUES (2, 28, 2, 150, 'Sea View', FALSE, FALSE);
INSERT INTO Room (Room_Number, Hotel_ID, Capacity, Price, View_Type, Availability, Is_Extendable) VALUES (3, 28, 3, 253, 'Mountain View', FALSE, TRUE);
INSERT INTO Room (Room_Number, Hotel_ID, Capacity, Price, View_Type, Availability, Is_Extendable) VALUES (4, 28, 4, 238, 'Mountain View', TRUE, TRUE);
INSERT INTO Room (Room_Number, Hotel_ID, Capacity, Price, View_Type, Availability, Is_Extendable) VALUES (5, 28, 5, 179, 'Mountain View', FALSE, TRUE);
-- Hotel Chain: EcoHotels
INSERT INTO Hotel_Chain (Hotel_Chain_ID, Name, Number_Of_Hotels) VALUES (3, 'EcoHotels', 14);
INSERT INTO Phone_Number (Phone_Number, Hotel_Chain_ID, Hotel_ID) VALUES ('001-517-607-5013x2524', 3, NULL);
INSERT INTO Email (Email, Hotel_Chain_ID, Hotel_ID) VALUES ('smallkristen@schultz.com', 3, NULL);
INSERT INTO Office (Office_ID, Hotel_Chain_ID, Address) VALUES (3, 3, '102 Jonathan Streets Apt. 631, Jerryview, IA 84883');
-- Hotel #29 in Ottawa, area: ['ByWard Market', 'Centretown', 'Glebe', 'Kanata']
INSERT INTO Hotel (Hotel_ID, Hotel_Chain_ID, Address, Star_Rating) VALUES (29, 3, '2799 Livingston Prairie, ByWard Market, Ottawa', 4);
INSERT INTO Phone_Number (Phone_Number, Hotel_Chain_ID, Hotel_ID) VALUES ('001-043-083-3175x077', NULL, 29);
INSERT INTO Email (Email, Hotel_Chain_ID, Hotel_ID) VALUES ('rpeterson@jackson-andrade.info', NULL, 29);
INSERT INTO Room (Room_Number, Hotel_ID, Capacity, Price, View_Type, Availability, Is_Extendable) VALUES (1, 29, 1, 125, 'Mountain View', TRUE, FALSE);
INSERT INTO Room (Room_Number, Hotel_ID, Capacity, Price, View_Type, Availability, Is_Extendable) VALUES (2, 29, 2, 298, 'Mountain View', FALSE, FALSE);
INSERT INTO Room (Room_Number, Hotel_ID, Capacity, Price, View_Type, Availability, Is_Extendable) VALUES (3, 29, 3, 270, 'Mountain View', TRUE, TRUE);
INSERT INTO Room (Room_Number, Hotel_ID, Capacity, Price, View_Type, Availability, Is_Extendable) VALUES (4, 29, 4, 118, 'Mountain View', TRUE, FALSE);
INSERT INTO Room (Room_Number, Hotel_ID, Capacity, Price, View_Type, Availability, Is_Extendable) VALUES (5, 29, 5, 252, 'Mountain View', TRUE, TRUE);
-- Hotel #30 in Chicago, area: ['Loop', 'River North', 'Lincoln Park', 'Hyde Park']
INSERT INTO Hotel (Hotel_ID, Hotel_Chain_ID, Address, Star_Rating) VALUES (30, 3, '766 Richard Stream Suite 035, Loop, Chicago', 2);
INSERT INTO Phone_Number (Phone_Number, Hotel_Chain_ID, Hotel_ID) VALUES ('852-328-9257x47288', NULL, 30);
INSERT INTO Email (Email, Hotel_Chain_ID, Hotel_ID) VALUES ('ibradley@young.biz', NULL, 30);
INSERT INTO Room (Room_Number, Hotel_ID, Capacity, Price, View_Type, Availability, Is_Extendable) VALUES (1, 30, 1, 255, 'Sea View', FALSE, TRUE);
INSERT INTO Room (Room_Number, Hotel_ID, Capacity, Price, View_Type, Availability, Is_Extendable) VALUES (2, 30, 2, 279, 'Mountain View', FALSE, TRUE);
INSERT INTO Room (Room_Number, Hotel_ID, Capacity, Price, View_Type, Availability, Is_Extendable) VALUES (3, 30, 3, 127, 'Mountain View', TRUE, TRUE);
INSERT INTO Room (Room_Number, Hotel_ID, Capacity, Price, View_Type, Availability, Is_Extendable) VALUES (4, 30, 4, 247, 'Sea View', TRUE, TRUE);
INSERT INTO Room (Room_Number, Hotel_ID, Capacity, Price, View_Type, Availability, Is_Extendable) VALUES (5, 30, 5, 274, 'Mountain View', TRUE, FALSE);
-- Hotel #31 in Vancouver, area: ['Gastown', 'Downtown', 'Kitsilano', 'Richmond']
INSERT INTO Hotel (Hotel_ID, Hotel_Chain_ID, Address, Star_Rating) VALUES (31, 3, '464 Christina Fork Suite 900, Gastown, Vancouver', 4);
INSERT INTO Phone_Number (Phone_Number, Hotel_Chain_ID, Hotel_ID) VALUES ('349.984.5010x9878', NULL, 31);
INSERT INTO Email (Email, Hotel_Chain_ID, Hotel_ID) VALUES ('yortiz@miles.com', NULL, 31);
INSERT INTO Room (Room_Number, Hotel_ID, Capacity, Price, View_Type, Availability, Is_Extendable) VALUES (1, 31, 1, 244, 'Mountain View', FALSE, TRUE);
INSERT INTO Room (Room_Number, Hotel_ID, Capacity, Price, View_Type, Availability, Is_Extendable) VALUES (2, 31, 2, 150, 'Mountain View', TRUE, FALSE);
INSERT INTO Room (Room_Number, Hotel_ID, Capacity, Price, View_Type, Availability, Is_Extendable) VALUES (3, 31, 3, 144, 'Mountain View', TRUE, FALSE);
INSERT INTO Room (Room_Number, Hotel_ID, Capacity, Price, View_Type, Availability, Is_Extendable) VALUES (4, 31, 4, 295, 'Sea View', TRUE, TRUE);
INSERT INTO Room (Room_Number, Hotel_ID, Capacity, Price, View_Type, Availability, Is_Extendable) VALUES (5, 31, 5, 195, 'Mountain View', TRUE, FALSE);
-- Hotel #32 in Washington DC, area: ['Georgetown', 'Dupont Circle', 'Capitol Hill', 'Adams Morgan']
INSERT INTO Hotel (Hotel_ID, Hotel_Chain_ID, Address, Star_Rating) VALUES (32, 3, '69488 Candice Valleys, Georgetown, Washington DC', 3);
INSERT INTO Phone_Number (Phone_Number, Hotel_Chain_ID, Hotel_ID) VALUES ('140.935.6060x31993', NULL, 32);
INSERT INTO Email (Email, Hotel_Chain_ID, Hotel_ID) VALUES ('eric22@lambert.com', NULL, 32);
INSERT INTO Room (Room_Number, Hotel_ID, Capacity, Price, View_Type, Availability, Is_Extendable) VALUES (1, 32, 1, 170, 'Sea View', TRUE, FALSE);
INSERT INTO Room (Room_Number, Hotel_ID, Capacity, Price, View_Type, Availability, Is_Extendable) VALUES (2, 32, 2, 107, 'Mountain View', TRUE, TRUE);
INSERT INTO Room (Room_Number, Hotel_ID, Capacity, Price, View_Type, Availability, Is_Extendable) VALUES (3, 32, 3, 192, 'Sea View', FALSE, FALSE);
INSERT INTO Room (Room_Number, Hotel_ID, Capacity, Price, View_Type, Availability, Is_Extendable) VALUES (4, 32, 4, 233, 'Sea View', TRUE, TRUE);
INSERT INTO Room (Room_Number, Hotel_ID, Capacity, Price, View_Type, Availability, Is_Extendable) VALUES (5, 32, 5, 152, 'Sea View', FALSE, FALSE);
-- Hotel #33 in Seattle, area: ['Downtown', 'Capitol Hill', 'Ballard', 'Fremont']
INSERT INTO Hotel (Hotel_ID, Hotel_Chain_ID, Address, Star_Rating) VALUES (33, 3, '85456 Levi Shoal, Downtown, Seattle', 2);
INSERT INTO Phone_Number (Phone_Number, Hotel_Chain_ID, Hotel_ID) VALUES ('3095409580', NULL, 33);
INSERT INTO Email (Email, Hotel_Chain_ID, Hotel_ID) VALUES ('lauramiller@patel.net', NULL, 33);
INSERT INTO Room (Room_Number, Hotel_ID, Capacity, Price, View_Type, Availability, Is_Extendable) VALUES (1, 33, 1, 202, 'Mountain View', FALSE, TRUE);
INSERT INTO Room (Room_Number, Hotel_ID, Capacity, Price, View_Type, Availability, Is_Extendable) VALUES (2, 33, 2, 310, 'Sea View', FALSE, TRUE);
INSERT INTO Room (Room_Number, Hotel_ID, Capacity, Price, View_Type, Availability, Is_Extendable) VALUES (3, 33, 3, 279, 'Sea View', TRUE, TRUE);
INSERT INTO Room (Room_Number, Hotel_ID, Capacity, Price, View_Type, Availability, Is_Extendable) VALUES (4, 33, 4, 286, 'Sea View', FALSE, FALSE);
INSERT INTO Room (Room_Number, Hotel_ID, Capacity, Price, View_Type, Availability, Is_Extendable) VALUES (5, 33, 5, 282, 'Mountain View', FALSE, TRUE);
-- Hotel #34 in Toronto, area: ['Downtown', 'North York', 'Scarborough', 'Etobicoke']
INSERT INTO Hotel (Hotel_ID, Hotel_Chain_ID, Address, Star_Rating) VALUES (34, 3, '171 Green Mountain Suite 371, Downtown, Toronto', 2);
INSERT INTO Phone_Number (Phone_Number, Hotel_Chain_ID, Hotel_ID) VALUES ('+1-628-505-5749x28811', NULL, 34);
INSERT INTO Email (Email, Hotel_Chain_ID, Hotel_ID) VALUES ('kbarron@perez.com', NULL, 34);
INSERT INTO Room (Room_Number, Hotel_ID, Capacity, Price, View_Type, Availability, Is_Extendable) VALUES (1, 34, 1, 243, 'Sea View', FALSE, TRUE);
INSERT INTO Room (Room_Number, Hotel_ID, Capacity, Price, View_Type, Availability, Is_Extendable) VALUES (2, 34, 2, 111, 'Sea View', FALSE, FALSE);
INSERT INTO Room (Room_Number, Hotel_ID, Capacity, Price, View_Type, Availability, Is_Extendable) VALUES (3, 34, 3, 281, 'Mountain View', FALSE, TRUE);
INSERT INTO Room (Room_Number, Hotel_ID, Capacity, Price, View_Type, Availability, Is_Extendable) VALUES (4, 34, 4, 315, 'Mountain View', TRUE, FALSE);
INSERT INTO Room (Room_Number, Hotel_ID, Capacity, Price, View_Type, Availability, Is_Extendable) VALUES (5, 34, 5, 203, 'Mountain View', FALSE, TRUE);
-- Hotel #35 in San Francisco, area: ['Mission', 'SoMa', 'Chinatown', 'Nob Hill']
INSERT INTO Hotel (Hotel_ID, Hotel_Chain_ID, Address, Star_Rating) VALUES (35, 3, '35020 Wright Ville Suite 222, Mission, San Francisco', 2);
INSERT INTO Phone_Number (Phone_Number, Hotel_Chain_ID, Hotel_ID) VALUES ('056-761-0875x91047', NULL, 35);
INSERT INTO Email (Email, Hotel_Chain_ID, Hotel_ID) VALUES ('elizabeth40@johnson.com', NULL, 35);
INSERT INTO Room (Room_Number, Hotel_ID, Capacity, Price, View_Type, Availability, Is_Extendable) VALUES (1, 35, 1, 165, 'Mountain View', TRUE, FALSE);
INSERT INTO Room (Room_Number, Hotel_ID, Capacity, Price, View_Type, Availability, Is_Extendable) VALUES (2, 35, 2, 200, 'Sea View', FALSE, FALSE);
INSERT INTO Room (Room_Number, Hotel_ID, Capacity, Price, View_Type, Availability, Is_Extendable) VALUES (3, 35, 3, 292, 'Sea View', FALSE, TRUE);
INSERT INTO Room (Room_Number, Hotel_ID, Capacity, Price, View_Type, Availability, Is_Extendable) VALUES (4, 35, 4, 161, 'Mountain View', FALSE, TRUE);
INSERT INTO Room (Room_Number, Hotel_ID, Capacity, Price, View_Type, Availability, Is_Extendable) VALUES (5, 35, 5, 300, 'Sea View', TRUE, TRUE);
-- Hotel #36 in New York, area: ['Manhattan', 'Brooklyn', 'Queens', 'Bronx']
INSERT INTO Hotel (Hotel_ID, Hotel_Chain_ID, Address, Star_Rating) VALUES (36, 3, '17749 Paula Union, Manhattan, New York', 3);
INSERT INTO Phone_Number (Phone_Number, Hotel_Chain_ID, Hotel_ID) VALUES ('744-882-4364x751', NULL, 36);
INSERT INTO Email (Email, Hotel_Chain_ID, Hotel_ID) VALUES ('samantharobertson@douglas.com', NULL, 36);
INSERT INTO Room (Room_Number, Hotel_ID, Capacity, Price, View_Type, Availability, Is_Extendable) VALUES (1, 36, 1, 169, 'Mountain View', FALSE, FALSE);
INSERT INTO Room (Room_Number, Hotel_ID, Capacity, Price, View_Type, Availability, Is_Extendable) VALUES (2, 36, 2, 241, 'Mountain View', TRUE, FALSE);
INSERT INTO Room (Room_Number, Hotel_ID, Capacity, Price, View_Type, Availability, Is_Extendable) VALUES (3, 36, 3, 203, 'Mountain View', TRUE, FALSE);
INSERT INTO Room (Room_Number, Hotel_ID, Capacity, Price, View_Type, Availability, Is_Extendable) VALUES (4, 36, 4, 309, 'Sea View', FALSE, TRUE);
INSERT INTO Room (Room_Number, Hotel_ID, Capacity, Price, View_Type, Availability, Is_Extendable) VALUES (5, 36, 5, 124, 'Mountain View', TRUE, FALSE);
-- Hotel #37 in Montreal, area: ['Old Montreal', 'Plateau', 'Downtown', 'Griffintown']
INSERT INTO Hotel (Hotel_ID, Hotel_Chain_ID, Address, Star_Rating) VALUES (37, 3, '8802 Johnson Street Suite 980, Old Montreal, Montreal', 3);
INSERT INTO Phone_Number (Phone_Number, Hotel_Chain_ID, Hotel_ID) VALUES ('+1-235-404-6641x4025', NULL, 37);
INSERT INTO Email (Email, Hotel_Chain_ID, Hotel_ID) VALUES ('smithadam@robertson-taylor.biz', NULL, 37);
INSERT INTO Room (Room_Number, Hotel_ID, Capacity, Price, View_Type, Availability, Is_Extendable) VALUES (1, 37, 1, 180, 'Sea View', FALSE, TRUE);
INSERT INTO Room (Room_Number, Hotel_ID, Capacity, Price, View_Type, Availability, Is_Extendable) VALUES (2, 37, 2, 129, 'Mountain View', TRUE, FALSE);
INSERT INTO Room (Room_Number, Hotel_ID, Capacity, Price, View_Type, Availability, Is_Extendable) VALUES (3, 37, 3, 170, 'Mountain View', FALSE, TRUE);
INSERT INTO Room (Room_Number, Hotel_ID, Capacity, Price, View_Type, Availability, Is_Extendable) VALUES (4, 37, 4, 244, 'Sea View', TRUE, TRUE);
INSERT INTO Room (Room_Number, Hotel_ID, Capacity, Price, View_Type, Availability, Is_Extendable) VALUES (5, 37, 5, 202, 'Sea View', TRUE, FALSE);
-- Hotel #38 in Calgary, area: ['Downtown', 'Beltline', 'Bridgeland', 'Inglewood']
INSERT INTO Hotel (Hotel_ID, Hotel_Chain_ID, Address, Star_Rating) VALUES (38, 3, '0725 Odonnell Shore Suite 936, Downtown, Calgary', 1);
INSERT INTO Phone_Number (Phone_Number, Hotel_Chain_ID, Hotel_ID) VALUES ('349-900-8681', NULL, 38);
INSERT INTO Email (Email, Hotel_Chain_ID, Hotel_ID) VALUES ('stephen00@flores-fields.com', NULL, 38);
INSERT INTO Room (Room_Number, Hotel_ID, Capacity, Price, View_Type, Availability, Is_Extendable) VALUES (1, 38, 1, 204, 'Mountain View', FALSE, TRUE);
INSERT INTO Room (Room_Number, Hotel_ID, Capacity, Price, View_Type, Availability, Is_Extendable) VALUES (2, 38, 2, 194, 'Sea View', FALSE, TRUE);
INSERT INTO Room (Room_Number, Hotel_ID, Capacity, Price, View_Type, Availability, Is_Extendable) VALUES (3, 38, 3, 107, 'Sea View', FALSE, TRUE);
INSERT INTO Room (Room_Number, Hotel_ID, Capacity, Price, View_Type, Availability, Is_Extendable) VALUES (4, 38, 4, 267, 'Sea View', FALSE, TRUE);
INSERT INTO Room (Room_Number, Hotel_ID, Capacity, Price, View_Type, Availability, Is_Extendable) VALUES (5, 38, 5, 135, 'Sea View', TRUE, FALSE);
-- Hotel #39 in Houston, area: ['Downtown', 'Midtown', 'Museum District', 'Montrose']
INSERT INTO Hotel (Hotel_ID, Hotel_Chain_ID, Address, Star_Rating) VALUES (39, 3, '3046 Christina Gardens, Downtown, Houston', 1);
INSERT INTO Phone_Number (Phone_Number, Hotel_Chain_ID, Hotel_ID) VALUES ('389-223-5019x29349', NULL, 39);
INSERT INTO Email (Email, Hotel_Chain_ID, Hotel_ID) VALUES ('qhendrix@hall.com', NULL, 39);
INSERT INTO Room (Room_Number, Hotel_ID, Capacity, Price, View_Type, Availability, Is_Extendable) VALUES (1, 39, 1, 229, 'Sea View', TRUE, TRUE);
INSERT INTO Room (Room_Number, Hotel_ID, Capacity, Price, View_Type, Availability, Is_Extendable) VALUES (2, 39, 2, 147, 'Mountain View', TRUE, FALSE);
INSERT INTO Room (Room_Number, Hotel_ID, Capacity, Price, View_Type, Availability, Is_Extendable) VALUES (3, 39, 3, 274, 'Mountain View', FALSE, FALSE);
INSERT INTO Room (Room_Number, Hotel_ID, Capacity, Price, View_Type, Availability, Is_Extendable) VALUES (4, 39, 4, 263, 'Sea View', TRUE, TRUE);
INSERT INTO Room (Room_Number, Hotel_ID, Capacity, Price, View_Type, Availability, Is_Extendable) VALUES (5, 39, 5, 127, 'Mountain View', TRUE, FALSE);
-- Hotel #40 in Boston, area: ['Back Bay', 'Beacon Hill', 'Cambridge', 'Charlestown']
INSERT INTO Hotel (Hotel_ID, Hotel_Chain_ID, Address, Star_Rating) VALUES (40, 3, '43452 Roberto Views Apt. 150, Back Bay, Boston', 5);
INSERT INTO Phone_Number (Phone_Number, Hotel_Chain_ID, Hotel_ID) VALUES ('(784)743-9397x191', NULL, 40);
INSERT INTO Email (Email, Hotel_Chain_ID, Hotel_ID) VALUES ('ndecker@taylor.org', NULL, 40);
INSERT INTO Room (Room_Number, Hotel_ID, Capacity, Price, View_Type, Availability, Is_Extendable) VALUES (1, 40, 1, 110, 'Sea View', FALSE, TRUE);
INSERT INTO Room (Room_Number, Hotel_ID, Capacity, Price, View_Type, Availability, Is_Extendable) VALUES (2, 40, 2, 205, 'Mountain View', TRUE, TRUE);
INSERT INTO Room (Room_Number, Hotel_ID, Capacity, Price, View_Type, Availability, Is_Extendable) VALUES (3, 40, 3, 121, 'Sea View', FALSE, TRUE);
INSERT INTO Room (Room_Number, Hotel_ID, Capacity, Price, View_Type, Availability, Is_Extendable) VALUES (4, 40, 4, 259, 'Sea View', FALSE, FALSE);
INSERT INTO Room (Room_Number, Hotel_ID, Capacity, Price, View_Type, Availability, Is_Extendable) VALUES (5, 40, 5, 151, 'Sea View', TRUE, TRUE);
-- Hotel #41 in New York, area: Manhattan
INSERT INTO Hotel (Hotel_ID, Hotel_Chain_ID, Address, Star_Rating) VALUES (41, 3, '513 Stone Mews, Manhattan, New York', 1);
INSERT INTO Phone_Number (Phone_Number, Hotel_Chain_ID, Hotel_ID) VALUES ('788-827-4140', NULL, 41);
INSERT INTO Email (Email, Hotel_Chain_ID, Hotel_ID) VALUES ('bmunoz@harris.com', NULL, 41);
INSERT INTO Room (Room_Number, Hotel_ID, Capacity, Price, View_Type, Availability, Is_Extendable) VALUES (1, 41, 1, 148, 'Mountain View', FALSE, FALSE);
INSERT INTO Room (Room_Number, Hotel_ID, Capacity, Price, View_Type, Availability, Is_Extendable) VALUES (2, 41, 2, 130, 'Mountain View', FALSE, FALSE);
INSERT INTO Room (Room_Number, Hotel_ID, Capacity, Price, View_Type, Availability, Is_Extendable) VALUES (3, 41, 3, 273, 'Sea View', FALSE, FALSE);
INSERT INTO Room (Room_Number, Hotel_ID, Capacity, Price, View_Type, Availability, Is_Extendable) VALUES (4, 41, 4, 173, 'Sea View', TRUE, TRUE);
INSERT INTO Room (Room_Number, Hotel_ID, Capacity, Price, View_Type, Availability, Is_Extendable) VALUES (5, 41, 5, 225, 'Sea View', TRUE, TRUE);
-- Hotel #42 in New York, area: Manhattan
INSERT INTO Hotel (Hotel_ID, Hotel_Chain_ID, Address, Star_Rating) VALUES (42, 3, '85468 Charles Manor, Manhattan, New York', 4);
INSERT INTO Phone_Number (Phone_Number, Hotel_Chain_ID, Hotel_ID) VALUES ('(710)299-2728x8868', NULL, 42);
INSERT INTO Email (Email, Hotel_Chain_ID, Hotel_ID) VALUES ('estevens@wright.com', NULL, 42);
INSERT INTO Room (Room_Number, Hotel_ID, Capacity, Price, View_Type, Availability, Is_Extendable) VALUES (1, 42, 1, 302, 'Sea View', TRUE, FALSE);
INSERT INTO Room (Room_Number, Hotel_ID, Capacity, Price, View_Type, Availability, Is_Extendable) VALUES (2, 42, 2, 297, 'Sea View', FALSE, FALSE);
INSERT INTO Room (Room_Number, Hotel_ID, Capacity, Price, View_Type, Availability, Is_Extendable) VALUES (3, 42, 3, 225, 'Mountain View', TRUE, FALSE);
INSERT INTO Room (Room_Number, Hotel_ID, Capacity, Price, View_Type, Availability, Is_Extendable) VALUES (4, 42, 4, 122, 'Mountain View', TRUE, FALSE);
INSERT INTO Room (Room_Number, Hotel_ID, Capacity, Price, View_Type, Availability, Is_Extendable) VALUES (5, 42, 5, 306, 'Sea View', FALSE, TRUE);
-- Hotel Chain: UrbanRetreat
INSERT INTO Hotel_Chain (Hotel_Chain_ID, Name, Number_Of_Hotels) VALUES (4, 'UrbanRetreat', 14);
INSERT INTO Phone_Number (Phone_Number, Hotel_Chain_ID, Hotel_ID) VALUES ('045.061.0693x65358', 4, NULL);
INSERT INTO Email (Email, Hotel_Chain_ID, Hotel_ID) VALUES ('brennansamantha@smith-rogers.biz', 4, NULL);
INSERT INTO Office (Office_ID, Hotel_Chain_ID, Address) VALUES (4, 4, '07774 Darius Harbors, Lake Jordantown, WI 90638');
-- Hotel #43 in Seattle, area: ['Downtown', 'Capitol Hill', 'Ballard', 'Fremont']
INSERT INTO Hotel (Hotel_ID, Hotel_Chain_ID, Address, Star_Rating) VALUES (43, 4, '845 Perry Trafficway, Downtown, Seattle', 1);
INSERT INTO Phone_Number (Phone_Number, Hotel_Chain_ID, Hotel_ID) VALUES ('001-852-747-0387x654', NULL, 43);
INSERT INTO Email (Email, Hotel_Chain_ID, Hotel_ID) VALUES ('matthew88@hardy.com', NULL, 43);
INSERT INTO Room (Room_Number, Hotel_ID, Capacity, Price, View_Type, Availability, Is_Extendable) VALUES (1, 43, 1, 284, 'Mountain View', FALSE, TRUE);
INSERT INTO Room (Room_Number, Hotel_ID, Capacity, Price, View_Type, Availability, Is_Extendable) VALUES (2, 43, 2, 225, 'Sea View', TRUE, TRUE);
INSERT INTO Room (Room_Number, Hotel_ID, Capacity, Price, View_Type, Availability, Is_Extendable) VALUES (3, 43, 3, 294, 'Mountain View', TRUE, FALSE);
INSERT INTO Room (Room_Number, Hotel_ID, Capacity, Price, View_Type, Availability, Is_Extendable) VALUES (4, 43, 4, 145, 'Sea View', TRUE, FALSE);
INSERT INTO Room (Room_Number, Hotel_ID, Capacity, Price, View_Type, Availability, Is_Extendable) VALUES (5, 43, 5, 139, 'Mountain View', TRUE, TRUE);
-- Hotel #44 in Boston, area: ['Back Bay', 'Beacon Hill', 'Cambridge', 'Charlestown']
INSERT INTO Hotel (Hotel_ID, Hotel_Chain_ID, Address, Star_Rating) VALUES (44, 4, '29556 David Locks Apt. 285, Back Bay, Boston', 5);
INSERT INTO Phone_Number (Phone_Number, Hotel_Chain_ID, Hotel_ID) VALUES ('369.229.7146x1830', NULL, 44);
INSERT INTO Email (Email, Hotel_Chain_ID, Hotel_ID) VALUES ('wardteresa@perez.com', NULL, 44);
INSERT INTO Room (Room_Number, Hotel_ID, Capacity, Price, View_Type, Availability, Is_Extendable) VALUES (1, 44, 1, 184, 'Sea View', FALSE, TRUE);
INSERT INTO Room (Room_Number, Hotel_ID, Capacity, Price, View_Type, Availability, Is_Extendable) VALUES (2, 44, 2, 216, 'Sea View', TRUE, TRUE);
INSERT INTO Room (Room_Number, Hotel_ID, Capacity, Price, View_Type, Availability, Is_Extendable) VALUES (3, 44, 3, 221, 'Mountain View', TRUE, FALSE);
INSERT INTO Room (Room_Number, Hotel_ID, Capacity, Price, View_Type, Availability, Is_Extendable) VALUES (4, 44, 4, 220, 'Sea View', FALSE, FALSE);
INSERT INTO Room (Room_Number, Hotel_ID, Capacity, Price, View_Type, Availability, Is_Extendable) VALUES (5, 44, 5, 314, 'Mountain View', FALSE, FALSE);
-- Hotel #45 in San Francisco, area: ['Mission', 'SoMa', 'Chinatown', 'Nob Hill']
INSERT INTO Hotel (Hotel_ID, Hotel_Chain_ID, Address, Star_Rating) VALUES (45, 4, '910 Jessica Centers, Mission, San Francisco', 1);
INSERT INTO Phone_Number (Phone_Number, Hotel_Chain_ID, Hotel_ID) VALUES ('(165)626-4759', NULL, 45);
INSERT INTO Email (Email, Hotel_Chain_ID, Hotel_ID) VALUES ('josephashley@gordon.net', NULL, 45);
INSERT INTO Room (Room_Number, Hotel_ID, Capacity, Price, View_Type, Availability, Is_Extendable) VALUES (1, 45, 1, 232, 'Mountain View', TRUE, TRUE);
INSERT INTO Room (Room_Number, Hotel_ID, Capacity, Price, View_Type, Availability, Is_Extendable) VALUES (2, 45, 2, 119, 'Mountain View', TRUE, FALSE);
INSERT INTO Room (Room_Number, Hotel_ID, Capacity, Price, View_Type, Availability, Is_Extendable) VALUES (3, 45, 3, 222, 'Sea View', FALSE, FALSE);
INSERT INTO Room (Room_Number, Hotel_ID, Capacity, Price, View_Type, Availability, Is_Extendable) VALUES (4, 45, 4, 216, 'Sea View', FALSE, FALSE);
INSERT INTO Room (Room_Number, Hotel_ID, Capacity, Price, View_Type, Availability, Is_Extendable) VALUES (5, 45, 5, 298, 'Mountain View', FALSE, TRUE);
-- Hotel #46 in Chicago, area: ['Loop', 'River North', 'Lincoln Park', 'Hyde Park']
INSERT INTO Hotel (Hotel_ID, Hotel_Chain_ID, Address, Star_Rating) VALUES (46, 4, '8237 Solomon Mountain, Loop, Chicago', 2);
INSERT INTO Phone_Number (Phone_Number, Hotel_Chain_ID, Hotel_ID) VALUES ('+1-230-068-8119x001', NULL, 46);
INSERT INTO Email (Email, Hotel_Chain_ID, Hotel_ID) VALUES ('nmitchell@castro-rice.info', NULL, 46);
INSERT INTO Room (Room_Number, Hotel_ID, Capacity, Price, View_Type, Availability, Is_Extendable) VALUES (1, 46, 1, 222, 'Mountain View', FALSE, FALSE);
INSERT INTO Room (Room_Number, Hotel_ID, Capacity, Price, View_Type, Availability, Is_Extendable) VALUES (2, 46, 2, 193, 'Mountain View', FALSE, TRUE);
INSERT INTO Room (Room_Number, Hotel_ID, Capacity, Price, View_Type, Availability, Is_Extendable) VALUES (3, 46, 3, 180, 'Mountain View', TRUE, TRUE);
INSERT INTO Room (Room_Number, Hotel_ID, Capacity, Price, View_Type, Availability, Is_Extendable) VALUES (4, 46, 4, 300, 'Mountain View', FALSE, FALSE);
INSERT INTO Room (Room_Number, Hotel_ID, Capacity, Price, View_Type, Availability, Is_Extendable) VALUES (5, 46, 5, 177, 'Sea View', FALSE, FALSE);
-- Hotel #47 in Miami, area: ['South Beach', 'Downtown', 'Wynwood', 'Brickell']
INSERT INTO Hotel (Hotel_ID, Hotel_Chain_ID, Address, Star_Rating) VALUES (47, 4, '0867 Richard Plains, South Beach, Miami', 3);
INSERT INTO Phone_Number (Phone_Number, Hotel_Chain_ID, Hotel_ID) VALUES ('836.845.6856x94879', NULL, 47);
INSERT INTO Email (Email, Hotel_Chain_ID, Hotel_ID) VALUES ('hendersonmatthew@lee.org', NULL, 47);
INSERT INTO Room (Room_Number, Hotel_ID, Capacity, Price, View_Type, Availability, Is_Extendable) VALUES (1, 47, 1, 210, 'Sea View', FALSE, FALSE);
INSERT INTO Room (Room_Number, Hotel_ID, Capacity, Price, View_Type, Availability, Is_Extendable) VALUES (2, 47, 2, 123, 'Mountain View', TRUE, FALSE);
INSERT INTO Room (Room_Number, Hotel_ID, Capacity, Price, View_Type, Availability, Is_Extendable) VALUES (3, 47, 3, 296, 'Mountain View', TRUE, TRUE);
INSERT INTO Room (Room_Number, Hotel_ID, Capacity, Price, View_Type, Availability, Is_Extendable) VALUES (4, 47, 4, 319, 'Sea View', TRUE, TRUE);
INSERT INTO Room (Room_Number, Hotel_ID, Capacity, Price, View_Type, Availability, Is_Extendable) VALUES (5, 47, 5, 255, 'Mountain View', TRUE, TRUE);
-- Hotel #48 in Ottawa, area: ['ByWard Market', 'Centretown', 'Glebe', 'Kanata']
INSERT INTO Hotel (Hotel_ID, Hotel_Chain_ID, Address, Star_Rating) VALUES (48, 4, '0720 Arthur View Apt. 622, ByWard Market, Ottawa', 5);
INSERT INTO Phone_Number (Phone_Number, Hotel_Chain_ID, Hotel_ID) VALUES ('3124433570', NULL, 48);
INSERT INTO Email (Email, Hotel_Chain_ID, Hotel_ID) VALUES ('samantha45@holland-norman.com', NULL, 48);
INSERT INTO Room (Room_Number, Hotel_ID, Capacity, Price, View_Type, Availability, Is_Extendable) VALUES (1, 48, 1, 267, 'Mountain View', FALSE, FALSE);
INSERT INTO Room (Room_Number, Hotel_ID, Capacity, Price, View_Type, Availability, Is_Extendable) VALUES (2, 48, 2, 146, 'Sea View', TRUE, TRUE);
INSERT INTO Room (Room_Number, Hotel_ID, Capacity, Price, View_Type, Availability, Is_Extendable) VALUES (3, 48, 3, 275, 'Mountain View', TRUE, FALSE);
INSERT INTO Room (Room_Number, Hotel_ID, Capacity, Price, View_Type, Availability, Is_Extendable) VALUES (4, 48, 4, 170, 'Sea View', TRUE, TRUE);
INSERT INTO Room (Room_Number, Hotel_ID, Capacity, Price, View_Type, Availability, Is_Extendable) VALUES (5, 48, 5, 119, 'Mountain View', TRUE, TRUE);
-- Hotel #49 in Washington DC, area: ['Georgetown', 'Dupont Circle', 'Capitol Hill', 'Adams Morgan']
INSERT INTO Hotel (Hotel_ID, Hotel_Chain_ID, Address, Star_Rating) VALUES (49, 4, '4848 Kenneth Harbor Suite 939, Georgetown, Washington DC', 3);
INSERT INTO Phone_Number (Phone_Number, Hotel_Chain_ID, Hotel_ID) VALUES ('+1-245-679-3530x2030', NULL, 49);
INSERT INTO Email (Email, Hotel_Chain_ID, Hotel_ID) VALUES ('christopher14@price.com', NULL, 49);
INSERT INTO Room (Room_Number, Hotel_ID, Capacity, Price, View_Type, Availability, Is_Extendable) VALUES (1, 49, 1, 201, 'Mountain View', TRUE, FALSE);
INSERT INTO Room (Room_Number, Hotel_ID, Capacity, Price, View_Type, Availability, Is_Extendable) VALUES (2, 49, 2, 104, 'Sea View', TRUE, TRUE);
INSERT INTO Room (Room_Number, Hotel_ID, Capacity, Price, View_Type, Availability, Is_Extendable) VALUES (3, 49, 3, 315, 'Sea View', TRUE, FALSE);
INSERT INTO Room (Room_Number, Hotel_ID, Capacity, Price, View_Type, Availability, Is_Extendable) VALUES (4, 49, 4, 303, 'Sea View', TRUE, TRUE);
INSERT INTO Room (Room_Number, Hotel_ID, Capacity, Price, View_Type, Availability, Is_Extendable) VALUES (5, 49, 5, 293, 'Mountain View', TRUE, FALSE);
-- Hotel #50 in New York, area: ['Manhattan', 'Brooklyn', 'Queens', 'Bronx']
INSERT INTO Hotel (Hotel_ID, Hotel_Chain_ID, Address, Star_Rating) VALUES (50, 4, '8864 Reed Mountain Suite 207, Manhattan, New York', 4);
INSERT INTO Phone_Number (Phone_Number, Hotel_Chain_ID, Hotel_ID) VALUES ('(886)605-5925', NULL, 50);
INSERT INTO Email (Email, Hotel_Chain_ID, Hotel_ID) VALUES ('jpineda@berg.info', NULL, 50);
INSERT INTO Room (Room_Number, Hotel_ID, Capacity, Price, View_Type, Availability, Is_Extendable) VALUES (1, 50, 1, 255, 'Sea View', TRUE, FALSE);
INSERT INTO Room (Room_Number, Hotel_ID, Capacity, Price, View_Type, Availability, Is_Extendable) VALUES (2, 50, 2, 169, 'Sea View', FALSE, TRUE);
INSERT INTO Room (Room_Number, Hotel_ID, Capacity, Price, View_Type, Availability, Is_Extendable) VALUES (3, 50, 3, 188, 'Mountain View', FALSE, TRUE);
INSERT INTO Room (Room_Number, Hotel_ID, Capacity, Price, View_Type, Availability, Is_Extendable) VALUES (4, 50, 4, 267, 'Mountain View', FALSE, FALSE);
INSERT INTO Room (Room_Number, Hotel_ID, Capacity, Price, View_Type, Availability, Is_Extendable) VALUES (5, 50, 5, 215, 'Sea View', FALSE, TRUE);
-- Hotel #51 in Houston, area: ['Downtown', 'Midtown', 'Museum District', 'Montrose']
INSERT INTO Hotel (Hotel_ID, Hotel_Chain_ID, Address, Star_Rating) VALUES (51, 4, '1426 Michelle Alley Suite 270, Downtown, Houston', 5);
INSERT INTO Phone_Number (Phone_Number, Hotel_Chain_ID, Hotel_ID) VALUES ('+1-007-784-6883x8109', NULL, 51);
INSERT INTO Email (Email, Hotel_Chain_ID, Hotel_ID) VALUES ('david48@carter-barr.com', NULL, 51);
INSERT INTO Room (Room_Number, Hotel_ID, Capacity, Price, View_Type, Availability, Is_Extendable) VALUES (1, 51, 1, 265, 'Mountain View', TRUE, FALSE);
INSERT INTO Room (Room_Number, Hotel_ID, Capacity, Price, View_Type, Availability, Is_Extendable) VALUES (2, 51, 2, 112, 'Sea View', TRUE, TRUE);
INSERT INTO Room (Room_Number, Hotel_ID, Capacity, Price, View_Type, Availability, Is_Extendable) VALUES (3, 51, 3, 247, 'Mountain View', FALSE, TRUE);
INSERT INTO Room (Room_Number, Hotel_ID, Capacity, Price, View_Type, Availability, Is_Extendable) VALUES (4, 51, 4, 231, 'Sea View', FALSE, TRUE);
INSERT INTO Room (Room_Number, Hotel_ID, Capacity, Price, View_Type, Availability, Is_Extendable) VALUES (5, 51, 5, 299, 'Sea View', FALSE, TRUE);
-- Hotel #52 in Toronto, area: ['Downtown', 'North York', 'Scarborough', 'Etobicoke']
INSERT INTO Hotel (Hotel_ID, Hotel_Chain_ID, Address, Star_Rating) VALUES (52, 4, '20444 Stephens Dale Suite 172, Downtown, Toronto', 5);
INSERT INTO Phone_Number (Phone_Number, Hotel_Chain_ID, Hotel_ID) VALUES ('024.174.8264x391', NULL, 52);
INSERT INTO Email (Email, Hotel_Chain_ID, Hotel_ID) VALUES ('jcollier@tanner.net', NULL, 52);
INSERT INTO Room (Room_Number, Hotel_ID, Capacity, Price, View_Type, Availability, Is_Extendable) VALUES (1, 52, 1, 96, 'Sea View', TRUE, TRUE);
INSERT INTO Room (Room_Number, Hotel_ID, Capacity, Price, View_Type, Availability, Is_Extendable) VALUES (2, 52, 2, 233, 'Mountain View', TRUE, TRUE);
INSERT INTO Room (Room_Number, Hotel_ID, Capacity, Price, View_Type, Availability, Is_Extendable) VALUES (3, 52, 3, 275, 'Sea View', FALSE, TRUE);
INSERT INTO Room (Room_Number, Hotel_ID, Capacity, Price, View_Type, Availability, Is_Extendable) VALUES (4, 52, 4, 306, 'Sea View', FALSE, TRUE);
INSERT INTO Room (Room_Number, Hotel_ID, Capacity, Price, View_Type, Availability, Is_Extendable) VALUES (5, 52, 5, 238, 'Mountain View', TRUE, FALSE);
-- Hotel #53 in Calgary, area: ['Downtown', 'Beltline', 'Bridgeland', 'Inglewood']
INSERT INTO Hotel (Hotel_ID, Hotel_Chain_ID, Address, Star_Rating) VALUES (53, 4, '73440 Shawn Way, Downtown, Calgary', 4);
INSERT INTO Phone_Number (Phone_Number, Hotel_Chain_ID, Hotel_ID) VALUES ('685.585.8121', NULL, 53);
INSERT INTO Email (Email, Hotel_Chain_ID, Hotel_ID) VALUES ('pollardtyler@jones-jones.com', NULL, 53);
INSERT INTO Room (Room_Number, Hotel_ID, Capacity, Price, View_Type, Availability, Is_Extendable) VALUES (1, 53, 1, 220, 'Sea View', FALSE, FALSE);
INSERT INTO Room (Room_Number, Hotel_ID, Capacity, Price, View_Type, Availability, Is_Extendable) VALUES (2, 53, 2, 256, 'Mountain View', FALSE, TRUE);
INSERT INTO Room (Room_Number, Hotel_ID, Capacity, Price, View_Type, Availability, Is_Extendable) VALUES (3, 53, 3, 290, 'Mountain View', FALSE, TRUE);
INSERT INTO Room (Room_Number, Hotel_ID, Capacity, Price, View_Type, Availability, Is_Extendable) VALUES (4, 53, 4, 277, 'Sea View', FALSE, TRUE);
INSERT INTO Room (Room_Number, Hotel_ID, Capacity, Price, View_Type, Availability, Is_Extendable) VALUES (5, 53, 5, 248, 'Mountain View', TRUE, FALSE);
-- Hotel #54 in Los Angeles, area: ['Hollywood', 'Downtown', 'Santa Monica', 'Beverly Hills']
INSERT INTO Hotel (Hotel_ID, Hotel_Chain_ID, Address, Star_Rating) VALUES (54, 4, '814 Hebert Drives, Hollywood, Los Angeles', 3);
INSERT INTO Phone_Number (Phone_Number, Hotel_Chain_ID, Hotel_ID) VALUES ('(393)221-0560x419', NULL, 54);
INSERT INTO Email (Email, Hotel_Chain_ID, Hotel_ID) VALUES ('adamfloyd@odonnell.info', NULL, 54);
INSERT INTO Room (Room_Number, Hotel_ID, Capacity, Price, View_Type, Availability, Is_Extendable) VALUES (1, 54, 1, 120, 'Mountain View', FALSE, TRUE);
INSERT INTO Room (Room_Number, Hotel_ID, Capacity, Price, View_Type, Availability, Is_Extendable) VALUES (2, 54, 2, 205, 'Sea View', TRUE, TRUE);
INSERT INTO Room (Room_Number, Hotel_ID, Capacity, Price, View_Type, Availability, Is_Extendable) VALUES (3, 54, 3, 142, 'Mountain View', TRUE, FALSE);
INSERT INTO Room (Room_Number, Hotel_ID, Capacity, Price, View_Type, Availability, Is_Extendable) VALUES (4, 54, 4, 224, 'Mountain View', TRUE, TRUE);
INSERT INTO Room (Room_Number, Hotel_ID, Capacity, Price, View_Type, Availability, Is_Extendable) VALUES (5, 54, 5, 172, 'Mountain View', FALSE, TRUE);
-- Hotel #55 in Boston, area: Beacon Hill
INSERT INTO Hotel (Hotel_ID, Hotel_Chain_ID, Address, Star_Rating) VALUES (55, 4, '0681 Wilson Avenue Suite 248, Beacon Hill, Boston', 4);
INSERT INTO Phone_Number (Phone_Number, Hotel_Chain_ID, Hotel_ID) VALUES ('628.255.3420x9478', NULL, 55);
INSERT INTO Email (Email, Hotel_Chain_ID, Hotel_ID) VALUES ('jamesdavis@reed.biz', NULL, 55);
INSERT INTO Room (Room_Number, Hotel_ID, Capacity, Price, View_Type, Availability, Is_Extendable) VALUES (1, 55, 1, 202, 'Mountain View', TRUE, TRUE);
INSERT INTO Room (Room_Number, Hotel_ID, Capacity, Price, View_Type, Availability, Is_Extendable) VALUES (2, 55, 2, 248, 'Mountain View', TRUE, FALSE);
INSERT INTO Room (Room_Number, Hotel_ID, Capacity, Price, View_Type, Availability, Is_Extendable) VALUES (3, 55, 3, 147, 'Mountain View', TRUE, TRUE);
INSERT INTO Room (Room_Number, Hotel_ID, Capacity, Price, View_Type, Availability, Is_Extendable) VALUES (4, 55, 4, 110, 'Sea View', FALSE, FALSE);
INSERT INTO Room (Room_Number, Hotel_ID, Capacity, Price, View_Type, Availability, Is_Extendable) VALUES (5, 55, 5, 212, 'Sea View', FALSE, FALSE);
-- Hotel #56 in Boston, area: Beacon Hill
INSERT INTO Hotel (Hotel_ID, Hotel_Chain_ID, Address, Star_Rating) VALUES (56, 4, '5278 Solis Run, Beacon Hill, Boston', 3);
INSERT INTO Phone_Number (Phone_Number, Hotel_Chain_ID, Hotel_ID) VALUES ('7725075835', NULL, 56);
INSERT INTO Email (Email, Hotel_Chain_ID, Hotel_ID) VALUES ('smithlisa@kirk.com', NULL, 56);
INSERT INTO Room (Room_Number, Hotel_ID, Capacity, Price, View_Type, Availability, Is_Extendable) VALUES (1, 56, 1, 211, 'Mountain View', TRUE, FALSE);
INSERT INTO Room (Room_Number, Hotel_ID, Capacity, Price, View_Type, Availability, Is_Extendable) VALUES (2, 56, 2, 209, 'Mountain View', TRUE, FALSE);
INSERT INTO Room (Room_Number, Hotel_ID, Capacity, Price, View_Type, Availability, Is_Extendable) VALUES (3, 56, 3, 124, 'Sea View', FALSE, FALSE);
INSERT INTO Room (Room_Number, Hotel_ID, Capacity, Price, View_Type, Availability, Is_Extendable) VALUES (4, 56, 4, 218, 'Mountain View', FALSE, TRUE);
INSERT INTO Room (Room_Number, Hotel_ID, Capacity, Price, View_Type, Availability, Is_Extendable) VALUES (5, 56, 5, 195, 'Sea View', TRUE, TRUE);
-- Hotel Chain: SunsetLodges
INSERT INTO Hotel_Chain (Hotel_Chain_ID, Name, Number_Of_Hotels) VALUES (5, 'SunsetLodges', 14);
INSERT INTO Phone_Number (Phone_Number, Hotel_Chain_ID, Hotel_ID) VALUES ('(435)213-4247', 5, NULL);
INSERT INTO Email (Email, Hotel_Chain_ID, Hotel_ID) VALUES ('ashley74@williams.net', 5, NULL);
INSERT INTO Office (Office_ID, Hotel_Chain_ID, Address) VALUES (5, 5, '64486 Ford Via, East Joshua, CO 23376');
-- Hotel #57 in Miami, area: ['South Beach', 'Downtown', 'Wynwood', 'Brickell']
INSERT INTO Hotel (Hotel_ID, Hotel_Chain_ID, Address, Star_Rating) VALUES (57, 5, '1803 Samuel Roads, South Beach, Miami', 2);
INSERT INTO Phone_Number (Phone_Number, Hotel_Chain_ID, Hotel_ID) VALUES ('001-739-255-0673x92608', NULL, 57);
INSERT INTO Email (Email, Hotel_Chain_ID, Hotel_ID) VALUES ('yphelps@jones.org', NULL, 57);
INSERT INTO Room (Room_Number, Hotel_ID, Capacity, Price, View_Type, Availability, Is_Extendable) VALUES (1, 57, 1, 252, 'Sea View', FALSE, TRUE);
INSERT INTO Room (Room_Number, Hotel_ID, Capacity, Price, View_Type, Availability, Is_Extendable) VALUES (2, 57, 2, 264, 'Sea View', FALSE, TRUE);
INSERT INTO Room (Room_Number, Hotel_ID, Capacity, Price, View_Type, Availability, Is_Extendable) VALUES (3, 57, 3, 105, 'Mountain View', TRUE, FALSE);
INSERT INTO Room (Room_Number, Hotel_ID, Capacity, Price, View_Type, Availability, Is_Extendable) VALUES (4, 57, 4, 134, 'Sea View', FALSE, TRUE);
INSERT INTO Room (Room_Number, Hotel_ID, Capacity, Price, View_Type, Availability, Is_Extendable) VALUES (5, 57, 5, 217, 'Sea View', TRUE, FALSE);
-- Hotel #58 in Boston, area: ['Back Bay', 'Beacon Hill', 'Cambridge', 'Charlestown']
INSERT INTO Hotel (Hotel_ID, Hotel_Chain_ID, Address, Star_Rating) VALUES (58, 5, '53406 Martin Islands, Back Bay, Boston', 4);
INSERT INTO Phone_Number (Phone_Number, Hotel_Chain_ID, Hotel_ID) VALUES ('+1-325-378-1985x0394', NULL, 58);
INSERT INTO Email (Email, Hotel_Chain_ID, Hotel_ID) VALUES ('brendadavis@bond.com', NULL, 58);
INSERT INTO Room (Room_Number, Hotel_ID, Capacity, Price, View_Type, Availability, Is_Extendable) VALUES (1, 58, 1, 129, 'Mountain View', TRUE, TRUE);
INSERT INTO Room (Room_Number, Hotel_ID, Capacity, Price, View_Type, Availability, Is_Extendable) VALUES (2, 58, 2, 298, 'Sea View', TRUE, FALSE);
INSERT INTO Room (Room_Number, Hotel_ID, Capacity, Price, View_Type, Availability, Is_Extendable) VALUES (3, 58, 3, 228, 'Mountain View', FALSE, TRUE);
INSERT INTO Room (Room_Number, Hotel_ID, Capacity, Price, View_Type, Availability, Is_Extendable) VALUES (4, 58, 4, 188, 'Sea View', TRUE, FALSE);
INSERT INTO Room (Room_Number, Hotel_ID, Capacity, Price, View_Type, Availability, Is_Extendable) VALUES (5, 58, 5, 192, 'Mountain View', FALSE, FALSE);
-- Hotel #59 in Ottawa, area: ['ByWard Market', 'Centretown', 'Glebe', 'Kanata']
INSERT INTO Hotel (Hotel_ID, Hotel_Chain_ID, Address, Star_Rating) VALUES (59, 5, '724 James Passage Suite 621, ByWard Market, Ottawa', 1);
INSERT INTO Phone_Number (Phone_Number, Hotel_Chain_ID, Hotel_ID) VALUES ('697.503.8730x1457', NULL, 59);
INSERT INTO Email (Email, Hotel_Chain_ID, Hotel_ID) VALUES ('muellerpamela@thomas.com', NULL, 59);
INSERT INTO Room (Room_Number, Hotel_ID, Capacity, Price, View_Type, Availability, Is_Extendable) VALUES (1, 59, 1, 178, 'Mountain View', FALSE, TRUE);
INSERT INTO Room (Room_Number, Hotel_ID, Capacity, Price, View_Type, Availability, Is_Extendable) VALUES (2, 59, 2, 147, 'Mountain View', FALSE, TRUE);
INSERT INTO Room (Room_Number, Hotel_ID, Capacity, Price, View_Type, Availability, Is_Extendable) VALUES (3, 59, 3, 179, 'Mountain View', FALSE, TRUE);
INSERT INTO Room (Room_Number, Hotel_ID, Capacity, Price, View_Type, Availability, Is_Extendable) VALUES (4, 59, 4, 230, 'Sea View', TRUE, FALSE);
INSERT INTO Room (Room_Number, Hotel_ID, Capacity, Price, View_Type, Availability, Is_Extendable) VALUES (5, 59, 5, 223, 'Sea View', TRUE, FALSE);
-- Hotel #60 in Montreal, area: ['Old Montreal', 'Plateau', 'Downtown', 'Griffintown']
INSERT INTO Hotel (Hotel_ID, Hotel_Chain_ID, Address, Star_Rating) VALUES (60, 5, '54976 Steven Land Apt. 363, Old Montreal, Montreal', 4);
INSERT INTO Phone_Number (Phone_Number, Hotel_Chain_ID, Hotel_ID) VALUES ('543-346-7842', NULL, 60);
INSERT INTO Email (Email, Hotel_Chain_ID, Hotel_ID) VALUES ('brenda46@frye.com', NULL, 60);
INSERT INTO Room (Room_Number, Hotel_ID, Capacity, Price, View_Type, Availability, Is_Extendable) VALUES (1, 60, 1, 146, 'Mountain View', TRUE, FALSE);
INSERT INTO Room (Room_Number, Hotel_ID, Capacity, Price, View_Type, Availability, Is_Extendable) VALUES (2, 60, 2, 260, 'Mountain View', TRUE, TRUE);
INSERT INTO Room (Room_Number, Hotel_ID, Capacity, Price, View_Type, Availability, Is_Extendable) VALUES (3, 60, 3, 249, 'Mountain View', TRUE, FALSE);
INSERT INTO Room (Room_Number, Hotel_ID, Capacity, Price, View_Type, Availability, Is_Extendable) VALUES (4, 60, 4, 149, 'Mountain View', FALSE, FALSE);
INSERT INTO Room (Room_Number, Hotel_ID, Capacity, Price, View_Type, Availability, Is_Extendable) VALUES (5, 60, 5, 207, 'Sea View', FALSE, FALSE);
-- Hotel #61 in Toronto, area: ['Downtown', 'North York', 'Scarborough', 'Etobicoke']
INSERT INTO Hotel (Hotel_ID, Hotel_Chain_ID, Address, Star_Rating) VALUES (61, 5, '024 Selena Meadows, Downtown, Toronto', 3);
INSERT INTO Phone_Number (Phone_Number, Hotel_Chain_ID, Hotel_ID) VALUES ('9757849148', NULL, 61);
INSERT INTO Email (Email, Hotel_Chain_ID, Hotel_ID) VALUES ('hullmax@velazquez-butler.com', NULL, 61);
INSERT INTO Room (Room_Number, Hotel_ID, Capacity, Price, View_Type, Availability, Is_Extendable) VALUES (1, 61, 1, 256, 'Mountain View', TRUE, FALSE);
INSERT INTO Room (Room_Number, Hotel_ID, Capacity, Price, View_Type, Availability, Is_Extendable) VALUES (2, 61, 2, 196, 'Mountain View', FALSE, FALSE);
INSERT INTO Room (Room_Number, Hotel_ID, Capacity, Price, View_Type, Availability, Is_Extendable) VALUES (3, 61, 3, 285, 'Sea View', FALSE, FALSE);
INSERT INTO Room (Room_Number, Hotel_ID, Capacity, Price, View_Type, Availability, Is_Extendable) VALUES (4, 61, 4, 225, 'Sea View', FALSE, FALSE);
INSERT INTO Room (Room_Number, Hotel_ID, Capacity, Price, View_Type, Availability, Is_Extendable) VALUES (5, 61, 5, 242, 'Mountain View', TRUE, FALSE);
-- Hotel #62 in Seattle, area: ['Downtown', 'Capitol Hill', 'Ballard', 'Fremont']
INSERT INTO Hotel (Hotel_ID, Hotel_Chain_ID, Address, Star_Rating) VALUES (62, 5, '199 Gregory Unions, Downtown, Seattle', 2);
INSERT INTO Phone_Number (Phone_Number, Hotel_Chain_ID, Hotel_ID) VALUES ('684.301.4176x676', NULL, 62);
INSERT INTO Email (Email, Hotel_Chain_ID, Hotel_ID) VALUES ('courtneycastillo@hood-martinez.net', NULL, 62);
INSERT INTO Room (Room_Number, Hotel_ID, Capacity, Price, View_Type, Availability, Is_Extendable) VALUES (1, 62, 1, 178, 'Mountain View', TRUE, FALSE);
INSERT INTO Room (Room_Number, Hotel_ID, Capacity, Price, View_Type, Availability, Is_Extendable) VALUES (2, 62, 2, 305, 'Sea View', TRUE, TRUE);
INSERT INTO Room (Room_Number, Hotel_ID, Capacity, Price, View_Type, Availability, Is_Extendable) VALUES (3, 62, 3, 131, 'Sea View', FALSE, TRUE);
INSERT INTO Room (Room_Number, Hotel_ID, Capacity, Price, View_Type, Availability, Is_Extendable) VALUES (4, 62, 4, 179, 'Mountain View', FALSE, TRUE);
INSERT INTO Room (Room_Number, Hotel_ID, Capacity, Price, View_Type, Availability, Is_Extendable) VALUES (5, 62, 5, 146, 'Sea View', FALSE, TRUE);
-- Hotel #63 in New York, area: ['Manhattan', 'Brooklyn', 'Queens', 'Bronx']
INSERT INTO Hotel (Hotel_ID, Hotel_Chain_ID, Address, Star_Rating) VALUES (63, 5, '760 Ford Fork Suite 625, Manhattan, New York', 3);
INSERT INTO Phone_Number (Phone_Number, Hotel_Chain_ID, Hotel_ID) VALUES ('755.392.5102x3557', NULL, 63);
INSERT INTO Email (Email, Hotel_Chain_ID, Hotel_ID) VALUES ('bobbyirwin@diaz-johnson.net', NULL, 63);
INSERT INTO Room (Room_Number, Hotel_ID, Capacity, Price, View_Type, Availability, Is_Extendable) VALUES (1, 63, 1, 211, 'Mountain View', TRUE, TRUE);
INSERT INTO Room (Room_Number, Hotel_ID, Capacity, Price, View_Type, Availability, Is_Extendable) VALUES (2, 63, 2, 219, 'Mountain View', FALSE, FALSE);
INSERT INTO Room (Room_Number, Hotel_ID, Capacity, Price, View_Type, Availability, Is_Extendable) VALUES (3, 63, 3, 220, 'Sea View', FALSE, FALSE);
INSERT INTO Room (Room_Number, Hotel_ID, Capacity, Price, View_Type, Availability, Is_Extendable) VALUES (4, 63, 4, 145, 'Mountain View', TRUE, TRUE);
INSERT INTO Room (Room_Number, Hotel_ID, Capacity, Price, View_Type, Availability, Is_Extendable) VALUES (5, 63, 5, 190, 'Mountain View', FALSE, TRUE);
-- Hotel #64 in Calgary, area: ['Downtown', 'Beltline', 'Bridgeland', 'Inglewood']
INSERT INTO Hotel (Hotel_ID, Hotel_Chain_ID, Address, Star_Rating) VALUES (64, 5, '950 Bennett Mountains Suite 119, Downtown, Calgary', 1);
INSERT INTO Phone_Number (Phone_Number, Hotel_Chain_ID, Hotel_ID) VALUES ('956.055.8165x35483', NULL, 64);
INSERT INTO Email (Email, Hotel_Chain_ID, Hotel_ID) VALUES ('sosacaitlin@friedman.com', NULL, 64);
INSERT INTO Room (Room_Number, Hotel_ID, Capacity, Price, View_Type, Availability, Is_Extendable) VALUES (1, 64, 1, 105, 'Mountain View', TRUE, FALSE);
INSERT INTO Room (Room_Number, Hotel_ID, Capacity, Price, View_Type, Availability, Is_Extendable) VALUES (2, 64, 2, 193, 'Sea View', FALSE, TRUE);
INSERT INTO Room (Room_Number, Hotel_ID, Capacity, Price, View_Type, Availability, Is_Extendable) VALUES (3, 64, 3, 168, 'Mountain View', FALSE, FALSE);
INSERT INTO Room (Room_Number, Hotel_ID, Capacity, Price, View_Type, Availability, Is_Extendable) VALUES (4, 64, 4, 139, 'Sea View', FALSE, FALSE);
INSERT INTO Room (Room_Number, Hotel_ID, Capacity, Price, View_Type, Availability, Is_Extendable) VALUES (5, 64, 5, 292, 'Sea View', TRUE, TRUE);
-- Hotel #65 in Washington DC, area: ['Georgetown', 'Dupont Circle', 'Capitol Hill', 'Adams Morgan']
INSERT INTO Hotel (Hotel_ID, Hotel_Chain_ID, Address, Star_Rating) VALUES (65, 5, '554 Ann Expressway Apt. 667, Georgetown, Washington DC', 4);
INSERT INTO Phone_Number (Phone_Number, Hotel_Chain_ID, Hotel_ID) VALUES ('001-155-299-2345x002', NULL, 65);
INSERT INTO Email (Email, Hotel_Chain_ID, Hotel_ID) VALUES ('crystal37@reeves-kennedy.com', NULL, 65);
INSERT INTO Room (Room_Number, Hotel_ID, Capacity, Price, View_Type, Availability, Is_Extendable) VALUES (1, 65, 1, 108, 'Mountain View', FALSE, FALSE);
INSERT INTO Room (Room_Number, Hotel_ID, Capacity, Price, View_Type, Availability, Is_Extendable) VALUES (2, 65, 2, 260, 'Sea View', TRUE, TRUE);
INSERT INTO Room (Room_Number, Hotel_ID, Capacity, Price, View_Type, Availability, Is_Extendable) VALUES (3, 65, 3, 141, 'Mountain View', TRUE, FALSE);
INSERT INTO Room (Room_Number, Hotel_ID, Capacity, Price, View_Type, Availability, Is_Extendable) VALUES (4, 65, 4, 180, 'Mountain View', FALSE, TRUE);
INSERT INTO Room (Room_Number, Hotel_ID, Capacity, Price, View_Type, Availability, Is_Extendable) VALUES (5, 65, 5, 274, 'Mountain View', FALSE, FALSE);
-- Hotel #66 in Los Angeles, area: ['Hollywood', 'Downtown', 'Santa Monica', 'Beverly Hills']
INSERT INTO Hotel (Hotel_ID, Hotel_Chain_ID, Address, Star_Rating) VALUES (66, 5, '72013 Alexandra Flats Apt. 356, Hollywood, Los Angeles', 4);
INSERT INTO Phone_Number (Phone_Number, Hotel_Chain_ID, Hotel_ID) VALUES ('999-885-0370x62518', NULL, 66);
INSERT INTO Email (Email, Hotel_Chain_ID, Hotel_ID) VALUES ('melody87@frank.com', NULL, 66);
INSERT INTO Room (Room_Number, Hotel_ID, Capacity, Price, View_Type, Availability, Is_Extendable) VALUES (1, 66, 1, 128, 'Mountain View', FALSE, TRUE);
INSERT INTO Room (Room_Number, Hotel_ID, Capacity, Price, View_Type, Availability, Is_Extendable) VALUES (2, 66, 2, 198, 'Sea View', FALSE, TRUE);
INSERT INTO Room (Room_Number, Hotel_ID, Capacity, Price, View_Type, Availability, Is_Extendable) VALUES (3, 66, 3, 151, 'Sea View', FALSE, TRUE);
INSERT INTO Room (Room_Number, Hotel_ID, Capacity, Price, View_Type, Availability, Is_Extendable) VALUES (4, 66, 4, 277, 'Sea View', TRUE, TRUE);
INSERT INTO Room (Room_Number, Hotel_ID, Capacity, Price, View_Type, Availability, Is_Extendable) VALUES (5, 66, 5, 194, 'Mountain View', TRUE, TRUE);
-- Hotel #67 in San Francisco, area: ['Mission', 'SoMa', 'Chinatown', 'Nob Hill']
INSERT INTO Hotel (Hotel_ID, Hotel_Chain_ID, Address, Star_Rating) VALUES (67, 5, '935 Philip Path, Mission, San Francisco', 2);
INSERT INTO Phone_Number (Phone_Number, Hotel_Chain_ID, Hotel_ID) VALUES ('(097)338-7570', NULL, 67);
INSERT INTO Email (Email, Hotel_Chain_ID, Hotel_ID) VALUES ('hernandeztimothy@hoffman.net', NULL, 67);
INSERT INTO Room (Room_Number, Hotel_ID, Capacity, Price, View_Type, Availability, Is_Extendable) VALUES (1, 67, 1, 137, 'Mountain View', FALSE, FALSE);
INSERT INTO Room (Room_Number, Hotel_ID, Capacity, Price, View_Type, Availability, Is_Extendable) VALUES (2, 67, 2, 166, 'Mountain View', TRUE, TRUE);
INSERT INTO Room (Room_Number, Hotel_ID, Capacity, Price, View_Type, Availability, Is_Extendable) VALUES (3, 67, 3, 128, 'Sea View', TRUE, TRUE);
INSERT INTO Room (Room_Number, Hotel_ID, Capacity, Price, View_Type, Availability, Is_Extendable) VALUES (4, 67, 4, 145, 'Sea View', FALSE, TRUE);
INSERT INTO Room (Room_Number, Hotel_ID, Capacity, Price, View_Type, Availability, Is_Extendable) VALUES (5, 67, 5, 196, 'Sea View', TRUE, TRUE);
-- Hotel #68 in Vancouver, area: ['Gastown', 'Downtown', 'Kitsilano', 'Richmond']
INSERT INTO Hotel (Hotel_ID, Hotel_Chain_ID, Address, Star_Rating) VALUES (68, 5, '28554 Karla Prairie Suite 887, Gastown, Vancouver', 2);
INSERT INTO Phone_Number (Phone_Number, Hotel_Chain_ID, Hotel_ID) VALUES ('5415911793', NULL, 68);
INSERT INTO Email (Email, Hotel_Chain_ID, Hotel_ID) VALUES ('shieldsandrew@elliott.com', NULL, 68);
INSERT INTO Room (Room_Number, Hotel_ID, Capacity, Price, View_Type, Availability, Is_Extendable) VALUES (1, 68, 1, 97, 'Sea View', TRUE, TRUE);
INSERT INTO Room (Room_Number, Hotel_ID, Capacity, Price, View_Type, Availability, Is_Extendable) VALUES (2, 68, 2, 242, 'Sea View', TRUE, FALSE);
INSERT INTO Room (Room_Number, Hotel_ID, Capacity, Price, View_Type, Availability, Is_Extendable) VALUES (3, 68, 3, 129, 'Mountain View', FALSE, TRUE);
INSERT INTO Room (Room_Number, Hotel_ID, Capacity, Price, View_Type, Availability, Is_Extendable) VALUES (4, 68, 4, 190, 'Sea View', TRUE, TRUE);
INSERT INTO Room (Room_Number, Hotel_ID, Capacity, Price, View_Type, Availability, Is_Extendable) VALUES (5, 68, 5, 189, 'Mountain View', FALSE, FALSE);
-- Hotel #69 in Toronto, area: Downtown
INSERT INTO Hotel (Hotel_ID, Hotel_Chain_ID, Address, Star_Rating) VALUES (69, 5, '7993 Patel Grove, Downtown, Toronto', 3);
INSERT INTO Phone_Number (Phone_Number, Hotel_Chain_ID, Hotel_ID) VALUES ('763-369-2987', NULL, 69);
INSERT INTO Email (Email, Hotel_Chain_ID, Hotel_ID) VALUES ('wilsonolivia@faulkner-sawyer.com', NULL, 69);
INSERT INTO Room (Room_Number, Hotel_ID, Capacity, Price, View_Type, Availability, Is_Extendable) VALUES (1, 69, 1, 119, 'Mountain View', TRUE, FALSE);
INSERT INTO Room (Room_Number, Hotel_ID, Capacity, Price, View_Type, Availability, Is_Extendable) VALUES (2, 69, 2, 168, 'Sea View', TRUE, TRUE);
INSERT INTO Room (Room_Number, Hotel_ID, Capacity, Price, View_Type, Availability, Is_Extendable) VALUES (3, 69, 3, 136, 'Sea View', FALSE, FALSE);
INSERT INTO Room (Room_Number, Hotel_ID, Capacity, Price, View_Type, Availability, Is_Extendable) VALUES (4, 69, 4, 290, 'Sea View', FALSE, TRUE);
INSERT INTO Room (Room_Number, Hotel_ID, Capacity, Price, View_Type, Availability, Is_Extendable) VALUES (5, 69, 5, 190, 'Sea View', TRUE, TRUE);
-- Hotel #70 in Toronto, area: Downtown
INSERT INTO Hotel (Hotel_ID, Hotel_Chain_ID, Address, Star_Rating) VALUES (70, 5, '59554 Cooke Union, Downtown, Toronto', 3);
INSERT INTO Phone_Number (Phone_Number, Hotel_Chain_ID, Hotel_ID) VALUES ('800.620.0279x4510', NULL, 70);
INSERT INTO Email (Email, Hotel_Chain_ID, Hotel_ID) VALUES ('dcrane@beard.biz', NULL, 70);
INSERT INTO Room (Room_Number, Hotel_ID, Capacity, Price, View_Type, Availability, Is_Extendable) VALUES (1, 70, 1, 122, 'Mountain View', FALSE, TRUE);
INSERT INTO Room (Room_Number, Hotel_ID, Capacity, Price, View_Type, Availability, Is_Extendable) VALUES (2, 70, 2, 163, 'Mountain View', FALSE, FALSE);
INSERT INTO Room (Room_Number, Hotel_ID, Capacity, Price, View_Type, Availability, Is_Extendable) VALUES (3, 70, 3, 150, 'Sea View', TRUE, FALSE);
INSERT INTO Room (Room_Number, Hotel_ID, Capacity, Price, View_Type, Availability, Is_Extendable) VALUES (4, 70, 4, 288, 'Mountain View', FALSE, TRUE);
INSERT INTO Room (Room_Number, Hotel_ID, Capacity, Price, View_Type, Availability, Is_Extendable) VALUES (5, 70, 5, 151, 'Sea View', TRUE, FALSE);
INSERT INTO Amenity (Room_Number, Hotel_ID, Type) VALUES (1, 1, ARRAY['Wi-Fi', 'Microwave', 'TV']);
INSERT INTO Amenity (Room_Number, Hotel_ID, Type) VALUES (2, 1, ARRAY['Coffee Maker', 'Fridge', 'Microwave', 'Air Conditioning']);
INSERT INTO Amenity (Room_Number, Hotel_ID, Type) VALUES (3, 1, ARRAY['Microwave', 'Air Conditioning']);
INSERT INTO Amenity (Room_Number, Hotel_ID, Type) VALUES (4, 1, ARRAY['Air Conditioning', 'Heater', 'TV', 'Coffee Maker']);
INSERT INTO Amenity (Room_Number, Hotel_ID, Type) VALUES (5, 1, ARRAY['Fridge', 'Wi-Fi', 'Heater', 'Microwave', 'Air Conditioning']);
INSERT INTO Amenity (Room_Number, Hotel_ID, Type) VALUES (1, 2, ARRAY['TV', 'Wi-Fi', 'Air Conditioning', 'Coffee Maker']);
INSERT INTO Amenity (Room_Number, Hotel_ID, Type) VALUES (2, 2, ARRAY['Heater', 'Wi-Fi', 'Fridge']);
INSERT INTO Amenity (Room_Number, Hotel_ID, Type) VALUES (3, 2, ARRAY['Air Conditioning', 'Heater', 'Wi-Fi', 'Coffee Maker']);
INSERT INTO Amenity (Room_Number, Hotel_ID, Type) VALUES (4, 2, ARRAY['Microwave', 'Heater', 'TV', 'Air Conditioning']);
INSERT INTO Amenity (Room_Number, Hotel_ID, Type) VALUES (5, 2, ARRAY['Fridge', 'Wi-Fi']);
INSERT INTO Amenity (Room_Number, Hotel_ID, Type) VALUES (1, 3, ARRAY['Coffee Maker', 'Fridge', 'Heater', 'Microwave', 'TV']);
INSERT INTO Amenity (Room_Number, Hotel_ID, Type) VALUES (2, 3, ARRAY['Fridge', 'Microwave', 'Wi-Fi', 'TV']);
INSERT INTO Amenity (Room_Number, Hotel_ID, Type) VALUES (3, 3, ARRAY['Wi-Fi', 'Heater', 'Air Conditioning']);
INSERT INTO Amenity (Room_Number, Hotel_ID, Type) VALUES (4, 3, ARRAY['Coffee Maker', 'Wi-Fi', 'Microwave', 'Air Conditioning']);
INSERT INTO Amenity (Room_Number, Hotel_ID, Type) VALUES (5, 3, ARRAY['Wi-Fi', 'Fridge']);
INSERT INTO Amenity (Room_Number, Hotel_ID, Type) VALUES (1, 4, ARRAY['Fridge', 'Air Conditioning', 'Wi-Fi']);
INSERT INTO Amenity (Room_Number, Hotel_ID, Type) VALUES (2, 4, ARRAY['Air Conditioning', 'Coffee Maker', 'TV', 'Heater']);
INSERT INTO Amenity (Room_Number, Hotel_ID, Type) VALUES (3, 4, ARRAY['Fridge', 'Microwave', 'Heater', 'TV']);
INSERT INTO Amenity (Room_Number, Hotel_ID, Type) VALUES (4, 4, ARRAY['Fridge', 'Heater', 'Wi-Fi']);
INSERT INTO Amenity (Room_Number, Hotel_ID, Type) VALUES (5, 4, ARRAY['Fridge', 'Coffee Maker', 'Wi-Fi', 'Heater', 'TV']);
INSERT INTO Amenity (Room_Number, Hotel_ID, Type) VALUES (1, 5, ARRAY['Fridge', 'Heater']);
INSERT INTO Amenity (Room_Number, Hotel_ID, Type) VALUES (2, 5, ARRAY['Air Conditioning', 'Wi-Fi']);
INSERT INTO Amenity (Room_Number, Hotel_ID, Type) VALUES (3, 5, ARRAY['Coffee Maker', 'Heater', 'Wi-Fi']);
INSERT INTO Amenity (Room_Number, Hotel_ID, Type) VALUES (4, 5, ARRAY['Heater', 'Coffee Maker']);
INSERT INTO Amenity (Room_Number, Hotel_ID, Type) VALUES (5, 5, ARRAY['Heater', 'Coffee Maker', 'Fridge', 'Wi-Fi']);
INSERT INTO Amenity (Room_Number, Hotel_ID, Type) VALUES (1, 6, ARRAY['Microwave', 'Air Conditioning', 'TV']);
INSERT INTO Amenity (Room_Number, Hotel_ID, Type) VALUES (2, 6, ARRAY['Fridge', 'TV', 'Air Conditioning', 'Microwave']);
INSERT INTO Amenity (Room_Number, Hotel_ID, Type) VALUES (3, 6, ARRAY['Microwave', 'Coffee Maker', 'TV', 'Wi-Fi']);
INSERT INTO Amenity (Room_Number, Hotel_ID, Type) VALUES (4, 6, ARRAY['Air Conditioning', 'Heater']);
INSERT INTO Amenity (Room_Number, Hotel_ID, Type) VALUES (5, 6, ARRAY['Air Conditioning', 'Fridge', 'Heater']);
INSERT INTO Amenity (Room_Number, Hotel_ID, Type) VALUES (1, 7, ARRAY['Air Conditioning', 'Microwave', 'Heater']);
INSERT INTO Amenity (Room_Number, Hotel_ID, Type) VALUES (2, 7, ARRAY['Microwave', 'Wi-Fi', 'Fridge']);
INSERT INTO Amenity (Room_Number, Hotel_ID, Type) VALUES (3, 7, ARRAY['Air Conditioning', 'Fridge', 'Wi-Fi', 'Microwave']);
INSERT INTO Amenity (Room_Number, Hotel_ID, Type) VALUES (4, 7, ARRAY['Microwave', 'Coffee Maker', 'TV', 'Air Conditioning']);
INSERT INTO Amenity (Room_Number, Hotel_ID, Type) VALUES (5, 7, ARRAY['Microwave', 'Heater', 'Wi-Fi', 'Coffee Maker']);
INSERT INTO Amenity (Room_Number, Hotel_ID, Type) VALUES (1, 8, ARRAY['Air Conditioning', 'Microwave', 'Wi-Fi', 'Heater', 'Fridge']);
INSERT INTO Amenity (Room_Number, Hotel_ID, Type) VALUES (2, 8, ARRAY['Microwave', 'Heater']);
INSERT INTO Amenity (Room_Number, Hotel_ID, Type) VALUES (3, 8, ARRAY['TV', 'Coffee Maker', 'Heater']);
INSERT INTO Amenity (Room_Number, Hotel_ID, Type) VALUES (4, 8, ARRAY['Wi-Fi', 'Coffee Maker', 'Heater', 'TV', 'Air Conditioning']);
INSERT INTO Amenity (Room_Number, Hotel_ID, Type) VALUES (5, 8, ARRAY['Microwave', 'Heater', 'TV', 'Coffee Maker']);
INSERT INTO Amenity (Room_Number, Hotel_ID, Type) VALUES (1, 9, ARRAY['Fridge', 'Air Conditioning']);
INSERT INTO Amenity (Room_Number, Hotel_ID, Type) VALUES (2, 9, ARRAY['Heater', 'Air Conditioning', 'Microwave', 'Coffee Maker']);
INSERT INTO Amenity (Room_Number, Hotel_ID, Type) VALUES (3, 9, ARRAY['Wi-Fi', 'Heater', 'Air Conditioning']);
INSERT INTO Amenity (Room_Number, Hotel_ID, Type) VALUES (4, 9, ARRAY['Air Conditioning', 'TV', 'Fridge']);
INSERT INTO Amenity (Room_Number, Hotel_ID, Type) VALUES (5, 9, ARRAY['Air Conditioning', 'Wi-Fi', 'Fridge']);
INSERT INTO Amenity (Room_Number, Hotel_ID, Type) VALUES (1, 10, ARRAY['Fridge', 'Air Conditioning', 'Coffee Maker', 'TV']);
INSERT INTO Amenity (Room_Number, Hotel_ID, Type) VALUES (2, 10, ARRAY['Air Conditioning', 'Fridge', 'Wi-Fi']);
INSERT INTO Amenity (Room_Number, Hotel_ID, Type) VALUES (3, 10, ARRAY['Heater', 'Coffee Maker']);
INSERT INTO Amenity (Room_Number, Hotel_ID, Type) VALUES (4, 10, ARRAY['Heater', 'Fridge', 'Microwave', 'Air Conditioning']);
INSERT INTO Amenity (Room_Number, Hotel_ID, Type) VALUES (5, 10, ARRAY['Coffee Maker', 'Air Conditioning', 'Wi-Fi', 'Microwave', 'Fridge']);
INSERT INTO Amenity (Room_Number, Hotel_ID, Type) VALUES (1, 11, ARRAY['Heater', 'Fridge']);
INSERT INTO Amenity (Room_Number, Hotel_ID, Type) VALUES (2, 11, ARRAY['Heater', 'Wi-Fi', 'TV', 'Air Conditioning']);
INSERT INTO Amenity (Room_Number, Hotel_ID, Type) VALUES (3, 11, ARRAY['Fridge', 'Microwave', 'Air Conditioning', 'Heater']);
INSERT INTO Amenity (Room_Number, Hotel_ID, Type) VALUES (4, 11, ARRAY['Heater', 'Wi-Fi', 'Air Conditioning']);
INSERT INTO Amenity (Room_Number, Hotel_ID, Type) VALUES (5, 11, ARRAY['Wi-Fi', 'Air Conditioning']);
INSERT INTO Amenity (Room_Number, Hotel_ID, Type) VALUES (1, 12, ARRAY['Microwave', 'TV']);
INSERT INTO Amenity (Room_Number, Hotel_ID, Type) VALUES (2, 12, ARRAY['TV', 'Wi-Fi', 'Microwave', 'Air Conditioning']);
INSERT INTO Amenity (Room_Number, Hotel_ID, Type) VALUES (3, 12, ARRAY['Air Conditioning', 'Coffee Maker', 'Fridge', 'Heater', 'Microwave']);
INSERT INTO Amenity (Room_Number, Hotel_ID, Type) VALUES (4, 12, ARRAY['Air Conditioning', 'TV', 'Microwave']);
INSERT INTO Amenity (Room_Number, Hotel_ID, Type) VALUES (5, 12, ARRAY['Fridge', 'Heater', 'TV', 'Coffee Maker']);
INSERT INTO Amenity (Room_Number, Hotel_ID, Type) VALUES (1, 13, ARRAY['Coffee Maker', 'TV', 'Fridge', 'Wi-Fi']);
INSERT INTO Amenity (Room_Number, Hotel_ID, Type) VALUES (2, 13, ARRAY['TV', 'Coffee Maker', 'Wi-Fi', 'Air Conditioning', 'Fridge']);
INSERT INTO Amenity (Room_Number, Hotel_ID, Type) VALUES (3, 13, ARRAY['Fridge', 'Heater', 'Coffee Maker', 'TV', 'Wi-Fi']);
INSERT INTO Amenity (Room_Number, Hotel_ID, Type) VALUES (4, 13, ARRAY['Wi-Fi', 'Coffee Maker', 'TV', 'Fridge', 'Air Conditioning']);
INSERT INTO Amenity (Room_Number, Hotel_ID, Type) VALUES (5, 13, ARRAY['Microwave', 'Fridge', 'TV', 'Air Conditioning']);
INSERT INTO Amenity (Room_Number, Hotel_ID, Type) VALUES (1, 14, ARRAY['Heater', 'Microwave', 'Air Conditioning', 'TV', 'Coffee Maker']);
INSERT INTO Amenity (Room_Number, Hotel_ID, Type) VALUES (2, 14, ARRAY['Fridge', 'Coffee Maker', 'Wi-Fi', 'Air Conditioning']);
INSERT INTO Amenity (Room_Number, Hotel_ID, Type) VALUES (3, 14, ARRAY['TV', 'Microwave']);
INSERT INTO Amenity (Room_Number, Hotel_ID, Type) VALUES (4, 14, ARRAY['Air Conditioning', 'Microwave', 'Heater', 'TV', 'Wi-Fi']);
INSERT INTO Amenity (Room_Number, Hotel_ID, Type) VALUES (5, 14, ARRAY['Heater', 'Fridge', 'Air Conditioning', 'TV']);
INSERT INTO Amenity (Room_Number, Hotel_ID, Type) VALUES (1, 15, ARRAY['Microwave', 'Fridge', 'Air Conditioning', 'Coffee Maker']);
INSERT INTO Amenity (Room_Number, Hotel_ID, Type) VALUES (2, 15, ARRAY['Microwave', 'Wi-Fi']);
INSERT INTO Amenity (Room_Number, Hotel_ID, Type) VALUES (3, 15, ARRAY['Wi-Fi', 'Air Conditioning', 'Coffee Maker', 'Heater', 'Fridge']);
INSERT INTO Amenity (Room_Number, Hotel_ID, Type) VALUES (4, 15, ARRAY['Heater', 'Air Conditioning', 'Coffee Maker', 'Wi-Fi', 'Fridge']);
INSERT INTO Amenity (Room_Number, Hotel_ID, Type) VALUES (5, 15, ARRAY['Wi-Fi', 'Coffee Maker', 'Microwave', 'Heater', 'Air Conditioning']);
INSERT INTO Amenity (Room_Number, Hotel_ID, Type) VALUES (1, 16, ARRAY['TV', 'Heater']);
INSERT INTO Amenity (Room_Number, Hotel_ID, Type) VALUES (2, 16, ARRAY['Wi-Fi', 'Coffee Maker', 'Fridge', 'Air Conditioning']);
INSERT INTO Amenity (Room_Number, Hotel_ID, Type) VALUES (3, 16, ARRAY['Fridge', 'Microwave']);
INSERT INTO Amenity (Room_Number, Hotel_ID, Type) VALUES (4, 16, ARRAY['Fridge', 'Microwave', 'TV', 'Heater', 'Coffee Maker']);
INSERT INTO Amenity (Room_Number, Hotel_ID, Type) VALUES (5, 16, ARRAY['Air Conditioning', 'Coffee Maker', 'Wi-Fi', 'Microwave']);
INSERT INTO Amenity (Room_Number, Hotel_ID, Type) VALUES (1, 17, ARRAY['Air Conditioning', 'Heater', 'Fridge', 'Microwave', 'TV']);
INSERT INTO Amenity (Room_Number, Hotel_ID, Type) VALUES (2, 17, ARRAY['Coffee Maker', 'Air Conditioning', 'Microwave', 'TV']);
INSERT INTO Amenity (Room_Number, Hotel_ID, Type) VALUES (3, 17, ARRAY['Heater', 'TV', 'Microwave']);
INSERT INTO Amenity (Room_Number, Hotel_ID, Type) VALUES (4, 17, ARRAY['Fridge', 'Coffee Maker', 'Air Conditioning']);
INSERT INTO Amenity (Room_Number, Hotel_ID, Type) VALUES (5, 17, ARRAY['Coffee Maker', 'Heater', 'Microwave', 'TV', 'Air Conditioning']);
INSERT INTO Amenity (Room_Number, Hotel_ID, Type) VALUES (1, 18, ARRAY['Heater', 'TV', 'Fridge', 'Coffee Maker']);
INSERT INTO Amenity (Room_Number, Hotel_ID, Type) VALUES (2, 18, ARRAY['Coffee Maker', 'Wi-Fi']);
INSERT INTO Amenity (Room_Number, Hotel_ID, Type) VALUES (3, 18, ARRAY['TV', 'Fridge', 'Air Conditioning', 'Coffee Maker']);
INSERT INTO Amenity (Room_Number, Hotel_ID, Type) VALUES (4, 18, ARRAY['Fridge', 'Wi-Fi', 'Air Conditioning', 'TV']);
INSERT INTO Amenity (Room_Number, Hotel_ID, Type) VALUES (5, 18, ARRAY['Coffee Maker', 'Fridge']);
INSERT INTO Amenity (Room_Number, Hotel_ID, Type) VALUES (1, 19, ARRAY['Microwave', 'Heater', 'Wi-Fi', 'TV', 'Fridge']);
INSERT INTO Amenity (Room_Number, Hotel_ID, Type) VALUES (2, 19, ARRAY['Microwave', 'Wi-Fi', 'Heater', 'Air Conditioning']);
INSERT INTO Amenity (Room_Number, Hotel_ID, Type) VALUES (3, 19, ARRAY['Wi-Fi', 'Coffee Maker', 'TV', 'Heater']);
INSERT INTO Amenity (Room_Number, Hotel_ID, Type) VALUES (4, 19, ARRAY['Coffee Maker', 'Fridge', 'Wi-Fi', 'TV']);
INSERT INTO Amenity (Room_Number, Hotel_ID, Type) VALUES (5, 19, ARRAY['Heater', 'Wi-Fi']);
INSERT INTO Amenity (Room_Number, Hotel_ID, Type) VALUES (1, 20, ARRAY['Heater', 'Coffee Maker', 'TV', 'Wi-Fi']);
INSERT INTO Amenity (Room_Number, Hotel_ID, Type) VALUES (2, 20, ARRAY['Air Conditioning', 'TV', 'Microwave']);
INSERT INTO Amenity (Room_Number, Hotel_ID, Type) VALUES (3, 20, ARRAY['Fridge', 'Wi-Fi', 'Microwave']);
INSERT INTO Amenity (Room_Number, Hotel_ID, Type) VALUES (4, 20, ARRAY['Wi-Fi', 'Coffee Maker', 'Fridge', 'TV', 'Microwave']);
INSERT INTO Amenity (Room_Number, Hotel_ID, Type) VALUES (5, 20, ARRAY['Microwave', 'Coffee Maker', 'Air Conditioning']);
INSERT INTO Amenity (Room_Number, Hotel_ID, Type) VALUES (1, 21, ARRAY['Heater', 'TV', 'Air Conditioning', 'Wi-Fi']);
INSERT INTO Amenity (Room_Number, Hotel_ID, Type) VALUES (2, 21, ARRAY['Air Conditioning', 'Heater', 'TV', 'Coffee Maker', 'Microwave']);
INSERT INTO Amenity (Room_Number, Hotel_ID, Type) VALUES (3, 21, ARRAY['Microwave', 'Fridge']);
INSERT INTO Amenity (Room_Number, Hotel_ID, Type) VALUES (4, 21, ARRAY['TV', 'Microwave', 'Heater']);
INSERT INTO Amenity (Room_Number, Hotel_ID, Type) VALUES (5, 21, ARRAY['Coffee Maker', 'Microwave', 'TV']);
INSERT INTO Amenity (Room_Number, Hotel_ID, Type) VALUES (1, 22, ARRAY['Wi-Fi', 'Fridge']);
INSERT INTO Amenity (Room_Number, Hotel_ID, Type) VALUES (2, 22, ARRAY['Air Conditioning', 'Microwave', 'Heater']);
INSERT INTO Amenity (Room_Number, Hotel_ID, Type) VALUES (3, 22, ARRAY['Heater', 'Air Conditioning', 'Microwave', 'TV']);
INSERT INTO Amenity (Room_Number, Hotel_ID, Type) VALUES (4, 22, ARRAY['Microwave', 'Heater']);
INSERT INTO Amenity (Room_Number, Hotel_ID, Type) VALUES (5, 22, ARRAY['Fridge', 'Wi-Fi', 'TV', 'Air Conditioning', 'Coffee Maker']);
INSERT INTO Amenity (Room_Number, Hotel_ID, Type) VALUES (1, 23, ARRAY['Coffee Maker', 'Air Conditioning', 'Fridge']);
INSERT INTO Amenity (Room_Number, Hotel_ID, Type) VALUES (2, 23, ARRAY['Air Conditioning', 'Microwave', 'Fridge']);
INSERT INTO Amenity (Room_Number, Hotel_ID, Type) VALUES (3, 23, ARRAY['Fridge', 'Air Conditioning', 'Microwave', 'Heater']);
INSERT INTO Amenity (Room_Number, Hotel_ID, Type) VALUES (4, 23, ARRAY['Coffee Maker', 'Wi-Fi', 'Microwave', 'Air Conditioning', 'Fridge']);
INSERT INTO Amenity (Room_Number, Hotel_ID, Type) VALUES (5, 23, ARRAY['Heater', 'Fridge', 'TV', 'Air Conditioning', 'Microwave']);
INSERT INTO Amenity (Room_Number, Hotel_ID, Type) VALUES (1, 24, ARRAY['Microwave', 'Wi-Fi', 'Heater']);
INSERT INTO Amenity (Room_Number, Hotel_ID, Type) VALUES (2, 24, ARRAY['Wi-Fi', 'Fridge', 'Coffee Maker', 'TV', 'Heater']);
INSERT INTO Amenity (Room_Number, Hotel_ID, Type) VALUES (3, 24, ARRAY['Wi-Fi', 'Fridge', 'Heater', 'Air Conditioning']);
INSERT INTO Amenity (Room_Number, Hotel_ID, Type) VALUES (4, 24, ARRAY['Microwave', 'Heater', 'TV']);
INSERT INTO Amenity (Room_Number, Hotel_ID, Type) VALUES (5, 24, ARRAY['Heater', 'TV', 'Air Conditioning']);
INSERT INTO Amenity (Room_Number, Hotel_ID, Type) VALUES (1, 25, ARRAY['Coffee Maker', 'Wi-Fi', 'Heater', 'Fridge', 'TV']);
INSERT INTO Amenity (Room_Number, Hotel_ID, Type) VALUES (2, 25, ARRAY['TV', 'Fridge', 'Air Conditioning', 'Coffee Maker']);
INSERT INTO Amenity (Room_Number, Hotel_ID, Type) VALUES (3, 25, ARRAY['Air Conditioning', 'Fridge', 'Wi-Fi']);
INSERT INTO Amenity (Room_Number, Hotel_ID, Type) VALUES (4, 25, ARRAY['Wi-Fi', 'Fridge', 'Heater', 'TV', 'Microwave']);
INSERT INTO Amenity (Room_Number, Hotel_ID, Type) VALUES (5, 25, ARRAY['Coffee Maker', 'TV', 'Air Conditioning', 'Heater', 'Fridge']);
INSERT INTO Amenity (Room_Number, Hotel_ID, Type) VALUES (1, 26, ARRAY['TV', 'Microwave', 'Wi-Fi', 'Air Conditioning']);
INSERT INTO Amenity (Room_Number, Hotel_ID, Type) VALUES (2, 26, ARRAY['Fridge', 'Coffee Maker', 'TV']);
INSERT INTO Amenity (Room_Number, Hotel_ID, Type) VALUES (3, 26, ARRAY['Wi-Fi', 'Coffee Maker', 'Air Conditioning']);
INSERT INTO Amenity (Room_Number, Hotel_ID, Type) VALUES (4, 26, ARRAY['Coffee Maker', 'Air Conditioning', 'TV']);
INSERT INTO Amenity (Room_Number, Hotel_ID, Type) VALUES (5, 26, ARRAY['TV', 'Microwave']);
INSERT INTO Amenity (Room_Number, Hotel_ID, Type) VALUES (1, 27, ARRAY['TV', 'Heater', 'Fridge', 'Microwave', 'Coffee Maker']);
INSERT INTO Amenity (Room_Number, Hotel_ID, Type) VALUES (2, 27, ARRAY['Microwave', 'Heater', 'Wi-Fi', 'Air Conditioning', 'TV']);
INSERT INTO Amenity (Room_Number, Hotel_ID, Type) VALUES (3, 27, ARRAY['Fridge', 'Wi-Fi', 'Air Conditioning']);
INSERT INTO Amenity (Room_Number, Hotel_ID, Type) VALUES (4, 27, ARRAY['Coffee Maker', 'TV', 'Air Conditioning', 'Microwave', 'Wi-Fi']);
INSERT INTO Amenity (Room_Number, Hotel_ID, Type) VALUES (5, 27, ARRAY['Wi-Fi', 'Microwave', 'TV', 'Coffee Maker']);
INSERT INTO Amenity (Room_Number, Hotel_ID, Type) VALUES (1, 28, ARRAY['Wi-Fi', 'TV', 'Heater']);
INSERT INTO Amenity (Room_Number, Hotel_ID, Type) VALUES (2, 28, ARRAY['Fridge', 'Coffee Maker', 'Heater', 'Wi-Fi']);
INSERT INTO Amenity (Room_Number, Hotel_ID, Type) VALUES (3, 28, ARRAY['Wi-Fi', 'Air Conditioning']);
INSERT INTO Amenity (Room_Number, Hotel_ID, Type) VALUES (4, 28, ARRAY['Heater', 'TV', 'Coffee Maker', 'Wi-Fi']);
INSERT INTO Amenity (Room_Number, Hotel_ID, Type) VALUES (5, 28, ARRAY['Microwave', 'Heater', 'Air Conditioning']);
INSERT INTO Amenity (Room_Number, Hotel_ID, Type) VALUES (1, 29, ARRAY['Air Conditioning', 'TV', 'Microwave']);
INSERT INTO Amenity (Room_Number, Hotel_ID, Type) VALUES (2, 29, ARRAY['TV', 'Microwave']);
INSERT INTO Amenity (Room_Number, Hotel_ID, Type) VALUES (3, 29, ARRAY['Air Conditioning', 'Microwave', 'Fridge']);
INSERT INTO Amenity (Room_Number, Hotel_ID, Type) VALUES (4, 29, ARRAY['Heater', 'Coffee Maker', 'TV']);
INSERT INTO Amenity (Room_Number, Hotel_ID, Type) VALUES (5, 29, ARRAY['Heater', 'Air Conditioning']);
INSERT INTO Amenity (Room_Number, Hotel_ID, Type) VALUES (1, 30, ARRAY['Fridge', 'TV', 'Microwave', 'Air Conditioning', 'Heater']);
INSERT INTO Amenity (Room_Number, Hotel_ID, Type) VALUES (2, 30, ARRAY['Fridge', 'Coffee Maker']);
INSERT INTO Amenity (Room_Number, Hotel_ID, Type) VALUES (3, 30, ARRAY['Fridge', 'Air Conditioning', 'Microwave', 'Heater', 'Coffee Maker']);
INSERT INTO Amenity (Room_Number, Hotel_ID, Type) VALUES (4, 30, ARRAY['Fridge', 'Heater', 'Air Conditioning', 'Microwave']);
INSERT INTO Amenity (Room_Number, Hotel_ID, Type) VALUES (5, 30, ARRAY['TV', 'Heater', 'Wi-Fi', 'Air Conditioning', 'Microwave']);
INSERT INTO Amenity (Room_Number, Hotel_ID, Type) VALUES (1, 31, ARRAY['Coffee Maker', 'TV', 'Fridge', 'Wi-Fi', 'Air Conditioning']);
INSERT INTO Amenity (Room_Number, Hotel_ID, Type) VALUES (2, 31, ARRAY['Coffee Maker', 'Heater', 'Fridge']);
INSERT INTO Amenity (Room_Number, Hotel_ID, Type) VALUES (3, 31, ARRAY['TV', 'Fridge', 'Heater', 'Air Conditioning', 'Coffee Maker']);
INSERT INTO Amenity (Room_Number, Hotel_ID, Type) VALUES (4, 31, ARRAY['Wi-Fi', 'TV', 'Heater']);
INSERT INTO Amenity (Room_Number, Hotel_ID, Type) VALUES (5, 31, ARRAY['Wi-Fi', 'Fridge', 'Heater', 'Microwave']);
INSERT INTO Amenity (Room_Number, Hotel_ID, Type) VALUES (1, 32, ARRAY['Coffee Maker', 'Fridge', 'Heater', 'TV', 'Wi-Fi']);
INSERT INTO Amenity (Room_Number, Hotel_ID, Type) VALUES (2, 32, ARRAY['TV', 'Heater']);
INSERT INTO Amenity (Room_Number, Hotel_ID, Type) VALUES (3, 32, ARRAY['Fridge', 'Wi-Fi', 'Air Conditioning', 'Heater']);
INSERT INTO Amenity (Room_Number, Hotel_ID, Type) VALUES (4, 32, ARRAY['Heater', 'Wi-Fi']);
INSERT INTO Amenity (Room_Number, Hotel_ID, Type) VALUES (5, 32, ARRAY['Fridge', 'Microwave', 'TV', 'Heater', 'Wi-Fi']);
INSERT INTO Amenity (Room_Number, Hotel_ID, Type) VALUES (1, 33, ARRAY['TV', 'Microwave', 'Wi-Fi', 'Coffee Maker', 'Heater']);
INSERT INTO Amenity (Room_Number, Hotel_ID, Type) VALUES (2, 33, ARRAY['Fridge', 'Wi-Fi']);
INSERT INTO Amenity (Room_Number, Hotel_ID, Type) VALUES (3, 33, ARRAY['Microwave', 'TV', 'Air Conditioning', 'Wi-Fi']);
INSERT INTO Amenity (Room_Number, Hotel_ID, Type) VALUES (4, 33, ARRAY['Air Conditioning', 'Wi-Fi']);
INSERT INTO Amenity (Room_Number, Hotel_ID, Type) VALUES (5, 33, ARRAY['Air Conditioning', 'Wi-Fi', 'Coffee Maker']);
INSERT INTO Amenity (Room_Number, Hotel_ID, Type) VALUES (1, 34, ARRAY['Air Conditioning', 'Microwave', 'Coffee Maker', 'Heater', 'TV']);
INSERT INTO Amenity (Room_Number, Hotel_ID, Type) VALUES (2, 34, ARRAY['Air Conditioning', 'Wi-Fi', 'Heater', 'TV', 'Coffee Maker']);
INSERT INTO Amenity (Room_Number, Hotel_ID, Type) VALUES (3, 34, ARRAY['Microwave', 'TV', 'Coffee Maker']);
INSERT INTO Amenity (Room_Number, Hotel_ID, Type) VALUES (4, 34, ARRAY['Wi-Fi', 'Heater', 'Microwave', 'TV']);
INSERT INTO Amenity (Room_Number, Hotel_ID, Type) VALUES (5, 34, ARRAY['Coffee Maker', 'Wi-Fi', 'Heater', 'Microwave', 'Fridge']);
INSERT INTO Amenity (Room_Number, Hotel_ID, Type) VALUES (1, 35, ARRAY['Wi-Fi', 'Air Conditioning', 'Fridge', 'Coffee Maker']);
INSERT INTO Amenity (Room_Number, Hotel_ID, Type) VALUES (2, 35, ARRAY['Wi-Fi', 'Air Conditioning', 'Heater']);
INSERT INTO Amenity (Room_Number, Hotel_ID, Type) VALUES (3, 35, ARRAY['Wi-Fi', 'TV', 'Fridge', 'Microwave']);
INSERT INTO Amenity (Room_Number, Hotel_ID, Type) VALUES (4, 35, ARRAY['Air Conditioning', 'Microwave', 'Wi-Fi']);
INSERT INTO Amenity (Room_Number, Hotel_ID, Type) VALUES (5, 35, ARRAY['TV', 'Microwave', 'Heater', 'Air Conditioning']);
INSERT INTO Amenity (Room_Number, Hotel_ID, Type) VALUES (1, 36, ARRAY['Wi-Fi', 'Coffee Maker']);
INSERT INTO Amenity (Room_Number, Hotel_ID, Type) VALUES (2, 36, ARRAY['Air Conditioning', 'Microwave', 'Heater']);
INSERT INTO Amenity (Room_Number, Hotel_ID, Type) VALUES (3, 36, ARRAY['Wi-Fi', 'TV', 'Air Conditioning', 'Fridge', 'Microwave']);
INSERT INTO Amenity (Room_Number, Hotel_ID, Type) VALUES (4, 36, ARRAY['Air Conditioning', 'Coffee Maker', 'TV', 'Heater']);
INSERT INTO Amenity (Room_Number, Hotel_ID, Type) VALUES (5, 36, ARRAY['Heater', 'Air Conditioning', 'TV']);
INSERT INTO Amenity (Room_Number, Hotel_ID, Type) VALUES (1, 37, ARRAY['Microwave', 'Heater', 'Wi-Fi', 'Air Conditioning']);
INSERT INTO Amenity (Room_Number, Hotel_ID, Type) VALUES (2, 37, ARRAY['Microwave', 'Fridge', 'TV', 'Heater', 'Coffee Maker']);
INSERT INTO Amenity (Room_Number, Hotel_ID, Type) VALUES (3, 37, ARRAY['Fridge', 'Coffee Maker']);
INSERT INTO Amenity (Room_Number, Hotel_ID, Type) VALUES (4, 37, ARRAY['Microwave', 'TV']);
INSERT INTO Amenity (Room_Number, Hotel_ID, Type) VALUES (5, 37, ARRAY['Heater', 'Fridge', 'TV', 'Microwave', 'Wi-Fi']);
INSERT INTO Amenity (Room_Number, Hotel_ID, Type) VALUES (1, 38, ARRAY['Air Conditioning', 'Wi-Fi', 'TV']);
INSERT INTO Amenity (Room_Number, Hotel_ID, Type) VALUES (2, 38, ARRAY['TV', 'Air Conditioning', 'Wi-Fi', 'Microwave', 'Coffee Maker']);
INSERT INTO Amenity (Room_Number, Hotel_ID, Type) VALUES (3, 38, ARRAY['Wi-Fi', 'Microwave', 'Heater']);
INSERT INTO Amenity (Room_Number, Hotel_ID, Type) VALUES (4, 38, ARRAY['Fridge', 'TV', 'Microwave', 'Wi-Fi', 'Coffee Maker']);
INSERT INTO Amenity (Room_Number, Hotel_ID, Type) VALUES (5, 38, ARRAY['TV', 'Microwave', 'Coffee Maker', 'Heater']);
INSERT INTO Amenity (Room_Number, Hotel_ID, Type) VALUES (1, 39, ARRAY['Heater', 'Coffee Maker']);
INSERT INTO Amenity (Room_Number, Hotel_ID, Type) VALUES (2, 39, ARRAY['Heater', 'Wi-Fi', 'Fridge']);
INSERT INTO Amenity (Room_Number, Hotel_ID, Type) VALUES (3, 39, ARRAY['Wi-Fi', 'Coffee Maker', 'Air Conditioning', 'Heater', 'Microwave']);
INSERT INTO Amenity (Room_Number, Hotel_ID, Type) VALUES (4, 39, ARRAY['TV', 'Air Conditioning', 'Heater']);
INSERT INTO Amenity (Room_Number, Hotel_ID, Type) VALUES (5, 39, ARRAY['Coffee Maker', 'TV', 'Air Conditioning', 'Wi-Fi']);
INSERT INTO Amenity (Room_Number, Hotel_ID, Type) VALUES (1, 40, ARRAY['Fridge', 'Air Conditioning', 'Heater']);
INSERT INTO Amenity (Room_Number, Hotel_ID, Type) VALUES (2, 40, ARRAY['Wi-Fi', 'Coffee Maker', 'Heater', 'Fridge', 'TV']);
INSERT INTO Amenity (Room_Number, Hotel_ID, Type) VALUES (3, 40, ARRAY['Fridge', 'Microwave', 'Air Conditioning', 'Coffee Maker', 'Wi-Fi']);
INSERT INTO Amenity (Room_Number, Hotel_ID, Type) VALUES (4, 40, ARRAY['Microwave', 'Heater']);
INSERT INTO Amenity (Room_Number, Hotel_ID, Type) VALUES (5, 40, ARRAY['Heater', 'Microwave']);
INSERT INTO Amenity (Room_Number, Hotel_ID, Type) VALUES (1, 41, ARRAY['Fridge', 'Air Conditioning', 'TV', 'Coffee Maker']);
INSERT INTO Amenity (Room_Number, Hotel_ID, Type) VALUES (2, 41, ARRAY['Microwave', 'Coffee Maker']);
INSERT INTO Amenity (Room_Number, Hotel_ID, Type) VALUES (3, 41, ARRAY['Fridge', 'Coffee Maker']);
INSERT INTO Amenity (Room_Number, Hotel_ID, Type) VALUES (4, 41, ARRAY['Heater', 'Coffee Maker', 'Wi-Fi', 'Fridge']);
INSERT INTO Amenity (Room_Number, Hotel_ID, Type) VALUES (5, 41, ARRAY['Coffee Maker', 'Wi-Fi', 'Air Conditioning', 'TV', 'Microwave']);
INSERT INTO Amenity (Room_Number, Hotel_ID, Type) VALUES (1, 42, ARRAY['Heater', 'Fridge', 'TV', 'Microwave']);
INSERT INTO Amenity (Room_Number, Hotel_ID, Type) VALUES (2, 42, ARRAY['Fridge', 'TV', 'Heater', 'Wi-Fi', 'Microwave']);
INSERT INTO Amenity (Room_Number, Hotel_ID, Type) VALUES (3, 42, ARRAY['Wi-Fi', 'Air Conditioning', 'Coffee Maker', 'TV']);
INSERT INTO Amenity (Room_Number, Hotel_ID, Type) VALUES (4, 42, ARRAY['Fridge', 'Coffee Maker']);
INSERT INTO Amenity (Room_Number, Hotel_ID, Type) VALUES (5, 42, ARRAY['Air Conditioning', 'Heater', 'Coffee Maker', 'Fridge']);
INSERT INTO Amenity (Room_Number, Hotel_ID, Type) VALUES (1, 43, ARRAY['Microwave', 'Wi-Fi', 'Heater']);
INSERT INTO Amenity (Room_Number, Hotel_ID, Type) VALUES (2, 43, ARRAY['TV', 'Fridge', 'Coffee Maker', 'Air Conditioning']);
INSERT INTO Amenity (Room_Number, Hotel_ID, Type) VALUES (3, 43, ARRAY['Microwave', 'Fridge']);
INSERT INTO Amenity (Room_Number, Hotel_ID, Type) VALUES (4, 43, ARRAY['Microwave', 'Fridge', 'Coffee Maker']);
INSERT INTO Amenity (Room_Number, Hotel_ID, Type) VALUES (5, 43, ARRAY['Heater', 'Coffee Maker']);
INSERT INTO Amenity (Room_Number, Hotel_ID, Type) VALUES (1, 44, ARRAY['Wi-Fi', 'Microwave', 'Heater', 'Air Conditioning']);
INSERT INTO Amenity (Room_Number, Hotel_ID, Type) VALUES (2, 44, ARRAY['Heater', 'Microwave', 'Fridge', 'TV', 'Wi-Fi']);
INSERT INTO Amenity (Room_Number, Hotel_ID, Type) VALUES (3, 44, ARRAY['Wi-Fi', 'Air Conditioning', 'Coffee Maker', 'Microwave']);
INSERT INTO Amenity (Room_Number, Hotel_ID, Type) VALUES (4, 44, ARRAY['Fridge', 'Heater']);
INSERT INTO Amenity (Room_Number, Hotel_ID, Type) VALUES (5, 44, ARRAY['TV', 'Coffee Maker']);
INSERT INTO Amenity (Room_Number, Hotel_ID, Type) VALUES (1, 45, ARRAY['Fridge', 'Microwave', 'TV', 'Coffee Maker']);
INSERT INTO Amenity (Room_Number, Hotel_ID, Type) VALUES (2, 45, ARRAY['Fridge', 'Wi-Fi', 'Air Conditioning']);
INSERT INTO Amenity (Room_Number, Hotel_ID, Type) VALUES (3, 45, ARRAY['Coffee Maker', 'Heater', 'Air Conditioning', 'Wi-Fi', 'Microwave']);
INSERT INTO Amenity (Room_Number, Hotel_ID, Type) VALUES (4, 45, ARRAY['TV', 'Wi-Fi', 'Fridge', 'Heater']);
INSERT INTO Amenity (Room_Number, Hotel_ID, Type) VALUES (5, 45, ARRAY['Air Conditioning', 'Heater']);
INSERT INTO Amenity (Room_Number, Hotel_ID, Type) VALUES (1, 46, ARRAY['Heater', 'Air Conditioning', 'TV', 'Wi-Fi', 'Coffee Maker']);
INSERT INTO Amenity (Room_Number, Hotel_ID, Type) VALUES (2, 46, ARRAY['Heater', 'Wi-Fi', 'Coffee Maker', 'Microwave', 'Air Conditioning']);
INSERT INTO Amenity (Room_Number, Hotel_ID, Type) VALUES (3, 46, ARRAY['Coffee Maker', 'Air Conditioning', 'Wi-Fi', 'Fridge', 'Heater']);
INSERT INTO Amenity (Room_Number, Hotel_ID, Type) VALUES (4, 46, ARRAY['Heater', 'TV', 'Fridge', 'Coffee Maker', 'Microwave']);
INSERT INTO Amenity (Room_Number, Hotel_ID, Type) VALUES (5, 46, ARRAY['Microwave', 'Heater', 'TV', 'Coffee Maker']);
INSERT INTO Amenity (Room_Number, Hotel_ID, Type) VALUES (1, 47, ARRAY['Wi-Fi', 'Fridge', 'Coffee Maker', 'Microwave']);
INSERT INTO Amenity (Room_Number, Hotel_ID, Type) VALUES (2, 47, ARRAY['Heater', 'Air Conditioning', 'Coffee Maker', 'Fridge', 'Microwave']);
INSERT INTO Amenity (Room_Number, Hotel_ID, Type) VALUES (3, 47, ARRAY['TV', 'Fridge', 'Air Conditioning', 'Heater', 'Wi-Fi']);
INSERT INTO Amenity (Room_Number, Hotel_ID, Type) VALUES (4, 47, ARRAY['Air Conditioning', 'Coffee Maker', 'Wi-Fi', 'Heater', 'TV']);
INSERT INTO Amenity (Room_Number, Hotel_ID, Type) VALUES (5, 47, ARRAY['TV', 'Heater']);
INSERT INTO Amenity (Room_Number, Hotel_ID, Type) VALUES (1, 48, ARRAY['Coffee Maker', 'Heater', 'Fridge', 'TV', 'Air Conditioning']);
INSERT INTO Amenity (Room_Number, Hotel_ID, Type) VALUES (2, 48, ARRAY['Wi-Fi', 'Heater', 'Fridge', 'Microwave']);
INSERT INTO Amenity (Room_Number, Hotel_ID, Type) VALUES (3, 48, ARRAY['TV', 'Fridge', 'Heater', 'Microwave', 'Coffee Maker']);
INSERT INTO Amenity (Room_Number, Hotel_ID, Type) VALUES (4, 48, ARRAY['Heater', 'Wi-Fi', 'TV', 'Coffee Maker']);
INSERT INTO Amenity (Room_Number, Hotel_ID, Type) VALUES (5, 48, ARRAY['TV', 'Coffee Maker']);
INSERT INTO Amenity (Room_Number, Hotel_ID, Type) VALUES (1, 49, ARRAY['Wi-Fi', 'TV', 'Fridge', 'Coffee Maker', 'Air Conditioning']);
INSERT INTO Amenity (Room_Number, Hotel_ID, Type) VALUES (2, 49, ARRAY['Coffee Maker', 'TV', 'Wi-Fi']);
INSERT INTO Amenity (Room_Number, Hotel_ID, Type) VALUES (3, 49, ARRAY['Fridge', 'Coffee Maker', 'Microwave', 'TV']);
INSERT INTO Amenity (Room_Number, Hotel_ID, Type) VALUES (4, 49, ARRAY['Air Conditioning', 'Fridge', 'Coffee Maker', 'Microwave', 'TV']);
INSERT INTO Amenity (Room_Number, Hotel_ID, Type) VALUES (5, 49, ARRAY['Coffee Maker', 'TV', 'Wi-Fi', 'Microwave', 'Fridge']);
INSERT INTO Amenity (Room_Number, Hotel_ID, Type) VALUES (1, 50, ARRAY['Air Conditioning', 'TV', 'Wi-Fi', 'Coffee Maker']);
INSERT INTO Amenity (Room_Number, Hotel_ID, Type) VALUES (2, 50, ARRAY['Fridge', 'Coffee Maker', 'Heater', 'Air Conditioning', 'Wi-Fi']);
INSERT INTO Amenity (Room_Number, Hotel_ID, Type) VALUES (3, 50, ARRAY['TV', 'Air Conditioning', 'Coffee Maker', 'Microwave']);
INSERT INTO Amenity (Room_Number, Hotel_ID, Type) VALUES (4, 50, ARRAY['Wi-Fi', 'Coffee Maker', 'Fridge', 'TV']);
INSERT INTO Amenity (Room_Number, Hotel_ID, Type) VALUES (5, 50, ARRAY['Air Conditioning', 'Coffee Maker', 'TV', 'Fridge', 'Wi-Fi']);
INSERT INTO Amenity (Room_Number, Hotel_ID, Type) VALUES (1, 51, ARRAY['Wi-Fi', 'Air Conditioning']);
INSERT INTO Amenity (Room_Number, Hotel_ID, Type) VALUES (2, 51, ARRAY['Wi-Fi', 'Coffee Maker']);
INSERT INTO Amenity (Room_Number, Hotel_ID, Type) VALUES (3, 51, ARRAY['Wi-Fi', 'Coffee Maker']);
INSERT INTO Amenity (Room_Number, Hotel_ID, Type) VALUES (4, 51, ARRAY['Heater', 'Microwave', 'Wi-Fi']);
INSERT INTO Amenity (Room_Number, Hotel_ID, Type) VALUES (5, 51, ARRAY['Fridge', 'Wi-Fi', 'TV']);
INSERT INTO Amenity (Room_Number, Hotel_ID, Type) VALUES (1, 52, ARRAY['Air Conditioning', 'Fridge', 'TV', 'Heater']);
INSERT INTO Amenity (Room_Number, Hotel_ID, Type) VALUES (2, 52, ARRAY['Air Conditioning', 'TV']);
INSERT INTO Amenity (Room_Number, Hotel_ID, Type) VALUES (3, 52, ARRAY['Coffee Maker', 'Wi-Fi', 'Heater', 'Microwave']);
INSERT INTO Amenity (Room_Number, Hotel_ID, Type) VALUES (4, 52, ARRAY['Microwave', 'Wi-Fi', 'Coffee Maker', 'Air Conditioning', 'TV']);
INSERT INTO Amenity (Room_Number, Hotel_ID, Type) VALUES (5, 52, ARRAY['Coffee Maker', 'TV', 'Heater', 'Microwave', 'Wi-Fi']);
INSERT INTO Amenity (Room_Number, Hotel_ID, Type) VALUES (1, 53, ARRAY['Microwave', 'TV', 'Air Conditioning', 'Wi-Fi', 'Coffee Maker']);
INSERT INTO Amenity (Room_Number, Hotel_ID, Type) VALUES (2, 53, ARRAY['Air Conditioning', 'Microwave', 'Coffee Maker']);
INSERT INTO Amenity (Room_Number, Hotel_ID, Type) VALUES (3, 53, ARRAY['Microwave', 'Heater', 'TV', 'Air Conditioning']);
INSERT INTO Amenity (Room_Number, Hotel_ID, Type) VALUES (4, 53, ARRAY['Microwave', 'Heater', 'Air Conditioning']);
INSERT INTO Amenity (Room_Number, Hotel_ID, Type) VALUES (5, 53, ARRAY['Fridge', 'Coffee Maker', 'Wi-Fi', 'Heater']);
INSERT INTO Amenity (Room_Number, Hotel_ID, Type) VALUES (1, 54, ARRAY['Heater', 'Coffee Maker', 'Wi-Fi', 'Microwave']);
INSERT INTO Amenity (Room_Number, Hotel_ID, Type) VALUES (2, 54, ARRAY['Air Conditioning', 'TV', 'Wi-Fi', 'Microwave']);
INSERT INTO Amenity (Room_Number, Hotel_ID, Type) VALUES (3, 54, ARRAY['TV', 'Microwave', 'Heater', 'Fridge', 'Wi-Fi']);
INSERT INTO Amenity (Room_Number, Hotel_ID, Type) VALUES (4, 54, ARRAY['Wi-Fi', 'Air Conditioning', 'TV', 'Microwave', 'Coffee Maker']);
INSERT INTO Amenity (Room_Number, Hotel_ID, Type) VALUES (5, 54, ARRAY['Microwave', 'Fridge', 'Air Conditioning', 'Wi-Fi', 'Coffee Maker']);
INSERT INTO Amenity (Room_Number, Hotel_ID, Type) VALUES (1, 55, ARRAY['Fridge', 'Wi-Fi']);
INSERT INTO Amenity (Room_Number, Hotel_ID, Type) VALUES (2, 55, ARRAY['Coffee Maker', 'Wi-Fi', 'Microwave', 'TV', 'Air Conditioning']);
INSERT INTO Amenity (Room_Number, Hotel_ID, Type) VALUES (3, 55, ARRAY['Microwave', 'Heater', 'Coffee Maker']);
INSERT INTO Amenity (Room_Number, Hotel_ID, Type) VALUES (4, 55, ARRAY['Wi-Fi', 'Heater', 'Microwave', 'Air Conditioning', 'Coffee Maker']);
INSERT INTO Amenity (Room_Number, Hotel_ID, Type) VALUES (5, 55, ARRAY['TV', 'Wi-Fi']);
INSERT INTO Amenity (Room_Number, Hotel_ID, Type) VALUES (1, 56, ARRAY['Coffee Maker', 'Wi-Fi', 'Air Conditioning', 'Microwave']);
INSERT INTO Amenity (Room_Number, Hotel_ID, Type) VALUES (2, 56, ARRAY['Microwave', 'Fridge', 'Air Conditioning']);
INSERT INTO Amenity (Room_Number, Hotel_ID, Type) VALUES (3, 56, ARRAY['Fridge', 'Microwave', 'Coffee Maker', 'Air Conditioning', 'TV']);
INSERT INTO Amenity (Room_Number, Hotel_ID, Type) VALUES (4, 56, ARRAY['TV', 'Heater']);
INSERT INTO Amenity (Room_Number, Hotel_ID, Type) VALUES (5, 56, ARRAY['Heater', 'Air Conditioning', 'Coffee Maker']);
INSERT INTO Amenity (Room_Number, Hotel_ID, Type) VALUES (1, 57, ARRAY['Microwave', 'TV']);
INSERT INTO Amenity (Room_Number, Hotel_ID, Type) VALUES (2, 57, ARRAY['Air Conditioning', 'Wi-Fi', 'Fridge']);
INSERT INTO Amenity (Room_Number, Hotel_ID, Type) VALUES (3, 57, ARRAY['TV', 'Air Conditioning']);
INSERT INTO Amenity (Room_Number, Hotel_ID, Type) VALUES (4, 57, ARRAY['Coffee Maker', 'Fridge', 'Heater']);
INSERT INTO Amenity (Room_Number, Hotel_ID, Type) VALUES (5, 57, ARRAY['Fridge', 'TV', 'Air Conditioning']);
INSERT INTO Amenity (Room_Number, Hotel_ID, Type) VALUES (1, 58, ARRAY['Heater', 'Air Conditioning']);
INSERT INTO Amenity (Room_Number, Hotel_ID, Type) VALUES (2, 58, ARRAY['Wi-Fi', 'TV', 'Microwave']);
INSERT INTO Amenity (Room_Number, Hotel_ID, Type) VALUES (3, 58, ARRAY['Fridge', 'Air Conditioning', 'Wi-Fi']);
INSERT INTO Amenity (Room_Number, Hotel_ID, Type) VALUES (4, 58, ARRAY['Fridge', 'TV', 'Wi-Fi', 'Coffee Maker']);
INSERT INTO Amenity (Room_Number, Hotel_ID, Type) VALUES (5, 58, ARRAY['Fridge', 'Wi-Fi', 'Air Conditioning', 'TV', 'Microwave']);
INSERT INTO Amenity (Room_Number, Hotel_ID, Type) VALUES (1, 59, ARRAY['Air Conditioning', 'Coffee Maker', 'Heater', 'Microwave', 'TV']);
INSERT INTO Amenity (Room_Number, Hotel_ID, Type) VALUES (2, 59, ARRAY['Wi-Fi', 'Air Conditioning']);
INSERT INTO Amenity (Room_Number, Hotel_ID, Type) VALUES (3, 59, ARRAY['TV', 'Air Conditioning', 'Microwave']);
INSERT INTO Amenity (Room_Number, Hotel_ID, Type) VALUES (4, 59, ARRAY['Wi-Fi', 'Air Conditioning']);
INSERT INTO Amenity (Room_Number, Hotel_ID, Type) VALUES (5, 59, ARRAY['Air Conditioning', 'Coffee Maker', 'TV', 'Wi-Fi']);
INSERT INTO Amenity (Room_Number, Hotel_ID, Type) VALUES (1, 60, ARRAY['Wi-Fi', 'Air Conditioning', 'Fridge', 'Microwave']);
INSERT INTO Amenity (Room_Number, Hotel_ID, Type) VALUES (2, 60, ARRAY['Microwave', 'Coffee Maker', 'Air Conditioning']);
INSERT INTO Amenity (Room_Number, Hotel_ID, Type) VALUES (3, 60, ARRAY['Air Conditioning', 'Coffee Maker']);
INSERT INTO Amenity (Room_Number, Hotel_ID, Type) VALUES (4, 60, ARRAY['Air Conditioning', 'Coffee Maker', 'Fridge']);
INSERT INTO Amenity (Room_Number, Hotel_ID, Type) VALUES (5, 60, ARRAY['Heater', 'Fridge', 'TV', 'Coffee Maker', 'Wi-Fi']);
INSERT INTO Amenity (Room_Number, Hotel_ID, Type) VALUES (1, 61, ARRAY['Air Conditioning', 'Coffee Maker']);
INSERT INTO Amenity (Room_Number, Hotel_ID, Type) VALUES (2, 61, ARRAY['Fridge', 'Wi-Fi', 'Heater', 'Air Conditioning', 'TV']);
INSERT INTO Amenity (Room_Number, Hotel_ID, Type) VALUES (3, 61, ARRAY['Wi-Fi', 'Heater', 'Microwave']);
INSERT INTO Amenity (Room_Number, Hotel_ID, Type) VALUES (4, 61, ARRAY['Coffee Maker', 'Air Conditioning', 'Microwave', 'Heater', 'Fridge']);
INSERT INTO Amenity (Room_Number, Hotel_ID, Type) VALUES (5, 61, ARRAY['Coffee Maker', 'Microwave', 'Wi-Fi']);
INSERT INTO Amenity (Room_Number, Hotel_ID, Type) VALUES (1, 62, ARRAY['Coffee Maker', 'Heater', 'Fridge']);
INSERT INTO Amenity (Room_Number, Hotel_ID, Type) VALUES (2, 62, ARRAY['Heater', 'Air Conditioning', 'TV']);
INSERT INTO Amenity (Room_Number, Hotel_ID, Type) VALUES (3, 62, ARRAY['Wi-Fi', 'TV']);
INSERT INTO Amenity (Room_Number, Hotel_ID, Type) VALUES (4, 62, ARRAY['Heater', 'TV']);
INSERT INTO Amenity (Room_Number, Hotel_ID, Type) VALUES (5, 62, ARRAY['TV', 'Air Conditioning']);
INSERT INTO Amenity (Room_Number, Hotel_ID, Type) VALUES (1, 63, ARRAY['Heater', 'TV', 'Wi-Fi']);
INSERT INTO Amenity (Room_Number, Hotel_ID, Type) VALUES (2, 63, ARRAY['Heater', 'Wi-Fi', 'Microwave', 'Air Conditioning']);
INSERT INTO Amenity (Room_Number, Hotel_ID, Type) VALUES (3, 63, ARRAY['Air Conditioning', 'TV']);
INSERT INTO Amenity (Room_Number, Hotel_ID, Type) VALUES (4, 63, ARRAY['Microwave', 'Heater', 'Fridge']);
INSERT INTO Amenity (Room_Number, Hotel_ID, Type) VALUES (5, 63, ARRAY['TV', 'Microwave']);
INSERT INTO Amenity (Room_Number, Hotel_ID, Type) VALUES (1, 64, ARRAY['Air Conditioning', 'Coffee Maker', 'Microwave', 'Heater', 'Wi-Fi']);
INSERT INTO Amenity (Room_Number, Hotel_ID, Type) VALUES (2, 64, ARRAY['Air Conditioning', 'Wi-Fi', 'Microwave', 'Coffee Maker', 'Fridge']);
INSERT INTO Amenity (Room_Number, Hotel_ID, Type) VALUES (3, 64, ARRAY['Heater', 'Microwave', 'Coffee Maker']);
INSERT INTO Amenity (Room_Number, Hotel_ID, Type) VALUES (4, 64, ARRAY['Microwave', 'Wi-Fi', 'Coffee Maker', 'Fridge', 'Heater']);
INSERT INTO Amenity (Room_Number, Hotel_ID, Type) VALUES (5, 64, ARRAY['Heater', 'TV']);
INSERT INTO Amenity (Room_Number, Hotel_ID, Type) VALUES (1, 65, ARRAY['Air Conditioning', 'Microwave', 'Fridge', 'Heater', 'Coffee Maker']);
INSERT INTO Amenity (Room_Number, Hotel_ID, Type) VALUES (2, 65, ARRAY['Heater', 'Wi-Fi']);
INSERT INTO Amenity (Room_Number, Hotel_ID, Type) VALUES (3, 65, ARRAY['TV', 'Coffee Maker', 'Microwave', 'Wi-Fi', 'Fridge']);
INSERT INTO Amenity (Room_Number, Hotel_ID, Type) VALUES (4, 65, ARRAY['Coffee Maker', 'Wi-Fi']);
INSERT INTO Amenity (Room_Number, Hotel_ID, Type) VALUES (5, 65, ARRAY['Microwave', 'Wi-Fi', 'Air Conditioning', 'Coffee Maker']);
INSERT INTO Amenity (Room_Number, Hotel_ID, Type) VALUES (1, 66, ARRAY['Microwave', 'Wi-Fi', 'Coffee Maker', 'Heater']);
INSERT INTO Amenity (Room_Number, Hotel_ID, Type) VALUES (2, 66, ARRAY['Heater', 'Air Conditioning', 'Wi-Fi', 'Fridge', 'TV']);
INSERT INTO Amenity (Room_Number, Hotel_ID, Type) VALUES (3, 66, ARRAY['Heater', 'Coffee Maker', 'Fridge']);
INSERT INTO Amenity (Room_Number, Hotel_ID, Type) VALUES (4, 66, ARRAY['Microwave', 'TV', 'Heater']);
INSERT INTO Amenity (Room_Number, Hotel_ID, Type) VALUES (5, 66, ARRAY['Coffee Maker', 'Air Conditioning', 'Microwave']);
INSERT INTO Amenity (Room_Number, Hotel_ID, Type) VALUES (1, 67, ARRAY['Air Conditioning', 'Microwave', 'Fridge', 'Heater']);
INSERT INTO Amenity (Room_Number, Hotel_ID, Type) VALUES (2, 67, ARRAY['Microwave', 'Heater', 'Air Conditioning', 'Wi-Fi', 'TV']);
INSERT INTO Amenity (Room_Number, Hotel_ID, Type) VALUES (3, 67, ARRAY['Air Conditioning', 'TV']);
INSERT INTO Amenity (Room_Number, Hotel_ID, Type) VALUES (4, 67, ARRAY['Air Conditioning', 'Heater', 'Coffee Maker']);
INSERT INTO Amenity (Room_Number, Hotel_ID, Type) VALUES (5, 67, ARRAY['Wi-Fi', 'Air Conditioning', 'Fridge', 'Coffee Maker']);
INSERT INTO Amenity (Room_Number, Hotel_ID, Type) VALUES (1, 68, ARRAY['Fridge', 'Heater', 'Air Conditioning', 'TV']);
INSERT INTO Amenity (Room_Number, Hotel_ID, Type) VALUES (2, 68, ARRAY['TV', 'Wi-Fi']);
INSERT INTO Amenity (Room_Number, Hotel_ID, Type) VALUES (3, 68, ARRAY['Coffee Maker', 'Heater']);
INSERT INTO Amenity (Room_Number, Hotel_ID, Type) VALUES (4, 68, ARRAY['Heater', 'Microwave', 'TV']);
INSERT INTO Amenity (Room_Number, Hotel_ID, Type) VALUES (5, 68, ARRAY['Microwave', 'Heater', 'TV', 'Air Conditioning', 'Fridge']);
INSERT INTO Amenity (Room_Number, Hotel_ID, Type) VALUES (1, 69, ARRAY['TV', 'Heater', 'Wi-Fi', 'Air Conditioning', 'Microwave']);
INSERT INTO Amenity (Room_Number, Hotel_ID, Type) VALUES (2, 69, ARRAY['Heater', 'Coffee Maker', 'Air Conditioning']);
INSERT INTO Amenity (Room_Number, Hotel_ID, Type) VALUES (3, 69, ARRAY['Wi-Fi', 'Coffee Maker', 'Heater']);
INSERT INTO Amenity (Room_Number, Hotel_ID, Type) VALUES (4, 69, ARRAY['TV', 'Wi-Fi', 'Air Conditioning', 'Microwave']);
INSERT INTO Amenity (Room_Number, Hotel_ID, Type) VALUES (5, 69, ARRAY['Fridge', 'Microwave', 'Wi-Fi', 'Heater']);
INSERT INTO Amenity (Room_Number, Hotel_ID, Type) VALUES (1, 70, ARRAY['Microwave', 'Fridge', 'Heater', 'Wi-Fi']);
INSERT INTO Amenity (Room_Number, Hotel_ID, Type) VALUES (2, 70, ARRAY['Wi-Fi', 'Air Conditioning']);
INSERT INTO Amenity (Room_Number, Hotel_ID, Type) VALUES (3, 70, ARRAY['Air Conditioning', 'Heater', 'Microwave', 'Fridge', 'Wi-Fi']);
INSERT INTO Amenity (Room_Number, Hotel_ID, Type) VALUES (4, 70, ARRAY['Wi-Fi', 'Coffee Maker', 'Heater', 'TV']);
INSERT INTO Amenity (Room_Number, Hotel_ID, Type) VALUES (5, 70, ARRAY['Heater', 'Coffee Maker', 'Wi-Fi', 'TV']);
INSERT INTO Employee (Employee_ID, Hotel_ID, SSN, Age, Full_name, Address) VALUES (1, 1, '134-67-7728', 37, 'Mallory Williams', '9925 Solis Vista Suite 288, East Michelle, PA 41540');
INSERT INTO Employee (Employee_ID, Hotel_ID, SSN, Age, Full_name, Address) VALUES (2, 2, '872-42-6220', 28, 'Victor Howell', '0774 Craig Common Suite 403, West Brittanyborough, OR 82495');
INSERT INTO Employee (Employee_ID, Hotel_ID, SSN, Age, Full_name, Address) VALUES (3, 3, '123-66-1769', 45, 'Michael Baker', '787 Davis Station Apt. 376, Lake Anna, TX 30572');
INSERT INTO Employee (Employee_ID, Hotel_ID, SSN, Age, Full_name, Address) VALUES (4, 4, '748-11-6353', 38, 'Jason Wilson', 'Unit 1629 Box 5951, DPO AP 30584');
INSERT INTO Employee (Employee_ID, Hotel_ID, SSN, Age, Full_name, Address) VALUES (5, 5, '203-13-3617', 39, 'Carlos Johns', '67713 Lee Court Apt. 494, West Brandon, RI 29760');
INSERT INTO Employee (Employee_ID, Hotel_ID, SSN, Age, Full_name, Address) VALUES (6, 6, '810-17-8669', 31, 'Cynthia Morris', '31216 Roberts Lodge, South Anthonyburgh, MD 38539');
INSERT INTO Employee (Employee_ID, Hotel_ID, SSN, Age, Full_name, Address) VALUES (7, 7, '667-44-6345', 59, 'Jonathan Smith', 'USNV Miller, FPO AE 90098');
INSERT INTO Employee (Employee_ID, Hotel_ID, SSN, Age, Full_name, Address) VALUES (8, 8, '294-96-9358', 28, 'David Carter', '0896 Savage Road, Webbbury, KY 09191');
INSERT INTO Employee (Employee_ID, Hotel_ID, SSN, Age, Full_name, Address) VALUES (9, 9, '594-70-4302', 44, 'Deborah Santana', '10217 Bradley Oval, Angelafort, MD 11702');
INSERT INTO Employee (Employee_ID, Hotel_ID, SSN, Age, Full_name, Address) VALUES (10, 10, '891-45-1523', 46, 'Justin Wallace', '75786 Gates Mission, Charlesfurt, WA 14322');
INSERT INTO Employee (Employee_ID, Hotel_ID, SSN, Age, Full_name, Address) VALUES (11, 11, '360-81-0383', 49, 'Charles Griffin', '6652 Kristy Ramp, New Shawnbury, DC 53684');
INSERT INTO Employee (Employee_ID, Hotel_ID, SSN, Age, Full_name, Address) VALUES (12, 12, '027-36-6843', 41, 'Lori Hoffman', 'Unit 3168 Box 1572, DPO AP 13330');
INSERT INTO Employee (Employee_ID, Hotel_ID, SSN, Age, Full_name, Address) VALUES (13, 13, '668-76-7254', 27, 'Anthony Howell', '527 Taylor Ranch Apt. 103, Ryanland, OK 30740');
INSERT INTO Employee (Employee_ID, Hotel_ID, SSN, Age, Full_name, Address) VALUES (14, 14, '073-94-1604', 28, 'Ryan Scott', '2933 Destiny Mission Suite 630, Martinfurt, TX 42352');
INSERT INTO Employee (Employee_ID, Hotel_ID, SSN, Age, Full_name, Address) VALUES (15, 15, '492-95-8107', 36, 'Emily Rogers', '6298 Davis Curve, East Shelby, OR 11417');
INSERT INTO Employee (Employee_ID, Hotel_ID, SSN, Age, Full_name, Address) VALUES (16, 16, '847-08-1724', 36, 'Joe Vaughn MD', '6001 John Bridge, North Taylorland, WA 94162');
INSERT INTO Employee (Employee_ID, Hotel_ID, SSN, Age, Full_name, Address) VALUES (17, 17, '850-45-9819', 64, 'Amy Woods', '2757 Garcia Streets Suite 398, Danielfurt, DC 60979');
INSERT INTO Employee (Employee_ID, Hotel_ID, SSN, Age, Full_name, Address) VALUES (18, 18, '078-42-4011', 65, 'Bridget Stanley', '34683 Shaw Islands Suite 351, Lake Michael, NC 07246');
INSERT INTO Employee (Employee_ID, Hotel_ID, SSN, Age, Full_name, Address) VALUES (19, 19, '169-68-9918', 24, 'Jennifer Garcia', '07718 Baldwin Terrace, Thompsonburgh, ME 87250');
INSERT INTO Employee (Employee_ID, Hotel_ID, SSN, Age, Full_name, Address) VALUES (20, 20, '687-97-4973', 57, 'Robert Sullivan', '241 Angela Union Suite 178, Brooksshire, AR 63314');
INSERT INTO Employee (Employee_ID, Hotel_ID, SSN, Age, Full_name, Address) VALUES (21, 21, '071-70-4573', 41, 'Mark Johnson', '7457 Krista Curve, Timmouth, MD 81168');
INSERT INTO Employee (Employee_ID, Hotel_ID, SSN, Age, Full_name, Address) VALUES (22, 22, '539-68-5339', 39, 'Melissa Jones', '317 Vega Spring Apt. 290, West Michael, NE 27984');
INSERT INTO Employee (Employee_ID, Hotel_ID, SSN, Age, Full_name, Address) VALUES (23, 23, '207-70-4799', 48, 'Sara Lee', '02512 Doyle Point, East Kellyfort, NC 26554');
INSERT INTO Employee (Employee_ID, Hotel_ID, SSN, Age, Full_name, Address) VALUES (24, 24, '057-16-7549', 51, 'Mrs. Morgan Guzman', '162 Garcia View, South Nicole, DE 14516');
INSERT INTO Employee (Employee_ID, Hotel_ID, SSN, Age, Full_name, Address) VALUES (25, 25, '247-90-6881', 65, 'Maria Vargas', '73128 Eric Drive, South Elizabeth, TX 21871');
INSERT INTO Employee (Employee_ID, Hotel_ID, SSN, Age, Full_name, Address) VALUES (26, 26, '328-55-2622', 47, 'Christina Butler', '89925 Brown Vista Apt. 100, South Joshuashire, NC 14448');
INSERT INTO Employee (Employee_ID, Hotel_ID, SSN, Age, Full_name, Address) VALUES (27, 27, '697-77-2353', 58, 'Steven Howard', '218 Lori Flats, Scottville, RI 84901');
INSERT INTO Employee (Employee_ID, Hotel_ID, SSN, Age, Full_name, Address) VALUES (28, 28, '473-50-9346', 25, 'John Buchanan', '2865 Cody Light Suite 370, East Jordan, RI 76362');
INSERT INTO Employee (Employee_ID, Hotel_ID, SSN, Age, Full_name, Address) VALUES (29, 29, '691-55-6681', 56, 'Claudia Ali', '37757 Austin Street, East Joseph, IN 80297');
INSERT INTO Employee (Employee_ID, Hotel_ID, SSN, Age, Full_name, Address) VALUES (30, 30, '456-95-7246', 25, 'Christine Hayes', '42677 Christopher Row Suite 062, Moniquemouth, VA 87153');
INSERT INTO Employee (Employee_ID, Hotel_ID, SSN, Age, Full_name, Address) VALUES (31, 31, '186-16-3805', 52, 'Jeffrey Ramos', '5356 Garrett Harbor Apt. 516, Jasonfort, WI 54316');
INSERT INTO Employee (Employee_ID, Hotel_ID, SSN, Age, Full_name, Address) VALUES (32, 32, '044-52-5523', 47, 'Amanda Medina', '876 Logan Cove, Petersmouth, NC 51046');
INSERT INTO Employee (Employee_ID, Hotel_ID, SSN, Age, Full_name, Address) VALUES (33, 33, '479-99-0799', 61, 'Nathan Davis', '9011 Johnson Center Apt. 913, Lake Ann, MS 40098');
INSERT INTO Employee (Employee_ID, Hotel_ID, SSN, Age, Full_name, Address) VALUES (34, 34, '766-55-2901', 31, 'Derek Grant', '3990 Colon Shoals, New Joshualand, AL 66752');
INSERT INTO Employee (Employee_ID, Hotel_ID, SSN, Age, Full_name, Address) VALUES (35, 35, '896-36-2385', 65, 'Cody Nunez', '15746 Cory Oval, Guzmanmouth, ME 40501');
INSERT INTO Employee (Employee_ID, Hotel_ID, SSN, Age, Full_name, Address) VALUES (36, 36, '596-87-5086', 36, 'Daniel Jensen', 'PSC 2081, Box 8922, APO AP 66155');
INSERT INTO Employee (Employee_ID, Hotel_ID, SSN, Age, Full_name, Address) VALUES (37, 37, '859-53-9882', 51, 'Susan Frazier', '70776 Hayes Pines Suite 793, Cathyland, MT 35927');
INSERT INTO Employee (Employee_ID, Hotel_ID, SSN, Age, Full_name, Address) VALUES (38, 38, '325-11-3755', 41, 'Amy Roberts', '59246 Larry Way, Aarontown, WI 51616');
INSERT INTO Employee (Employee_ID, Hotel_ID, SSN, Age, Full_name, Address) VALUES (39, 39, '529-95-2962', 63, 'Hunter Walker', 'USS Rollins, FPO AE 66809');
INSERT INTO Employee (Employee_ID, Hotel_ID, SSN, Age, Full_name, Address) VALUES (40, 40, '285-54-4332', 22, 'Scott Romero', '764 Tracy Manor Apt. 874, Hawkinsmouth, AL 27154');
INSERT INTO Employee (Employee_ID, Hotel_ID, SSN, Age, Full_name, Address) VALUES (41, 41, '109-61-6010', 41, 'Ian Sanchez', '9599 Davis Skyway Apt. 119, Vickimouth, NE 55933');
INSERT INTO Employee (Employee_ID, Hotel_ID, SSN, Age, Full_name, Address) VALUES (42, 42, '653-61-2056', 32, 'Troy Murray', '928 Ortiz Burg, Stevenbury, UT 49221');
INSERT INTO Employee (Employee_ID, Hotel_ID, SSN, Age, Full_name, Address) VALUES (43, 43, '760-54-6667', 35, 'Patricia West', '0732 Jesse Heights, South Monicaland, WA 67503');
INSERT INTO Employee (Employee_ID, Hotel_ID, SSN, Age, Full_name, Address) VALUES (44, 44, '607-29-4793', 54, 'Tammy Parker', '941 Sean Fall Apt. 717, Port Aaronville, LA 54380');
INSERT INTO Employee (Employee_ID, Hotel_ID, SSN, Age, Full_name, Address) VALUES (45, 45, '510-06-4254', 30, 'Garrett Clarke', '9587 Dennis Parks Suite 301, Thomasfurt, NJ 59161');
INSERT INTO Employee (Employee_ID, Hotel_ID, SSN, Age, Full_name, Address) VALUES (46, 46, '641-92-9490', 34, 'Rebecca Perry', '972 Joel Mountain Apt. 280, East Nathan, TN 04127');
INSERT INTO Employee (Employee_ID, Hotel_ID, SSN, Age, Full_name, Address) VALUES (47, 47, '109-19-5067', 39, 'Tiffany Torres', '279 Thomas Track Suite 728, North Michael, IL 72650');
INSERT INTO Employee (Employee_ID, Hotel_ID, SSN, Age, Full_name, Address) VALUES (48, 48, '305-83-0638', 47, 'Carl Cooley', '531 Selena Alley Suite 960, South Richardport, AR 59117');
INSERT INTO Employee (Employee_ID, Hotel_ID, SSN, Age, Full_name, Address) VALUES (49, 49, '775-35-9664', 55, 'Richard Griffin', '790 John Center, East Amanda, MN 45487');
INSERT INTO Employee (Employee_ID, Hotel_ID, SSN, Age, Full_name, Address) VALUES (50, 50, '464-77-1411', 55, 'Allison Kidd', '88840 Case Inlet, East Sherri, OR 82653');
INSERT INTO Employee (Employee_ID, Hotel_ID, SSN, Age, Full_name, Address) VALUES (51, 51, '210-85-9217', 33, 'David George', '9285 Camacho Islands Suite 405, Lake Brett, NM 36956');
INSERT INTO Employee (Employee_ID, Hotel_ID, SSN, Age, Full_name, Address) VALUES (52, 52, '457-12-3591', 55, 'Diane Olson', '847 Kristina Hill Apt. 685, South Tonyton, NM 81288');
INSERT INTO Employee (Employee_ID, Hotel_ID, SSN, Age, Full_name, Address) VALUES (53, 53, '141-71-0270', 40, 'Heather Walker', '945 Gibson Summit Apt. 996, Stewartport, MN 18493');
INSERT INTO Employee (Employee_ID, Hotel_ID, SSN, Age, Full_name, Address) VALUES (54, 54, '535-99-0195', 38, 'Jennifer Mitchell', '973 Rodriguez Stream, Jonesbury, WY 20097');
INSERT INTO Employee (Employee_ID, Hotel_ID, SSN, Age, Full_name, Address) VALUES (55, 55, '233-19-7806', 28, 'Hector Parker', '88913 Rose Forks, Port Nicolehaven, ME 08498');
INSERT INTO Employee (Employee_ID, Hotel_ID, SSN, Age, Full_name, Address) VALUES (56, 56, '178-83-7555', 48, 'Tyler Johnson', '78661 Jennifer Cape, Lake Matthewstad, CO 38458');
INSERT INTO Employee (Employee_ID, Hotel_ID, SSN, Age, Full_name, Address) VALUES (57, 57, '842-23-8240', 29, 'Laura Harris', '15561 Johnson Mill Apt. 642, West Markchester, IN 03450');
INSERT INTO Employee (Employee_ID, Hotel_ID, SSN, Age, Full_name, Address) VALUES (58, 58, '352-95-7064', 53, 'Alexis Taylor', '6944 Key Curve Apt. 992, Ricetown, ID 34619');
INSERT INTO Employee (Employee_ID, Hotel_ID, SSN, Age, Full_name, Address) VALUES (59, 59, '114-08-1634', 62, 'Tammy Williams', '9167 Melissa Manor Apt. 228, New Tammytown, MO 54168');
INSERT INTO Employee (Employee_ID, Hotel_ID, SSN, Age, Full_name, Address) VALUES (60, 60, '161-18-6520', 47, 'James Smith', '250 Lori Locks Apt. 248, New Jesse, OK 38470');
INSERT INTO Employee (Employee_ID, Hotel_ID, SSN, Age, Full_name, Address) VALUES (61, 61, '061-54-1421', 56, 'Taylor Eaton', '08806 Owen Islands, Melissamouth, IN 84547');
INSERT INTO Employee (Employee_ID, Hotel_ID, SSN, Age, Full_name, Address) VALUES (62, 62, '718-10-4911', 28, 'Christina Simmons', '4335 Kaitlyn Square Suite 688, South Katiestad, DC 37986');
INSERT INTO Employee (Employee_ID, Hotel_ID, SSN, Age, Full_name, Address) VALUES (63, 63, '465-71-5322', 29, 'Veronica Gallagher', '299 Wayne Summit Apt. 809, Tammybury, GA 66971');
INSERT INTO Employee (Employee_ID, Hotel_ID, SSN, Age, Full_name, Address) VALUES (64, 64, '490-15-9121', 48, 'Shelby Webb', '276 Sabrina Bypass Suite 639, Chandlermouth, WI 01018');
INSERT INTO Employee (Employee_ID, Hotel_ID, SSN, Age, Full_name, Address) VALUES (65, 65, '251-92-1529', 45, 'Ryan Silva', '3679 Johnson Camp, Annville, OK 21463');
INSERT INTO Employee (Employee_ID, Hotel_ID, SSN, Age, Full_name, Address) VALUES (66, 66, '531-40-7536', 34, 'Kevin Gutierrez', '34341 Wilcox Ranch, South Juliestad, MA 82208');
INSERT INTO Employee (Employee_ID, Hotel_ID, SSN, Age, Full_name, Address) VALUES (67, 67, '041-74-9195', 44, 'Angela Brown', '125 Frazier Villages Suite 281, Mortontown, MO 97276');
INSERT INTO Employee (Employee_ID, Hotel_ID, SSN, Age, Full_name, Address) VALUES (68, 68, '110-99-0361', 64, 'Mrs. Toni Wright', '49957 Isaiah Gateway Suite 843, Frazierfurt, WA 37825');
INSERT INTO Employee (Employee_ID, Hotel_ID, SSN, Age, Full_name, Address) VALUES (69, 69, '231-05-8364', 44, 'Samantha Lynch', '378 Miller Skyway Apt. 605, Thomasburgh, DE 09758');
INSERT INTO Employee (Employee_ID, Hotel_ID, SSN, Age, Full_name, Address) VALUES (70, 70, '197-49-5383', 30, 'Scott Mcbride', '928 Amy Ridges Apt. 990, Jacksonborough, NC 38457');
INSERT INTO Customer (Customer_ID, Full_name, SSN, Age, Address, Card, Registration_Date) VALUES (1, 'Kristy Oneal', '119-46-9037', 33, '91325 Hector Corners, West Matthew, OK 53993', '4393191058526589587', '2023-05-07');
INSERT INTO Customer (Customer_ID, Full_name, SSN, Age, Address, Card, Registration_Date) VALUES (2, 'Julie Robinson MD', '474-53-6838', 20, 'Unit 7199 Box 5300, DPO AP 69476', '3595450757677028', '2024-10-08');
INSERT INTO Customer (Customer_ID, Full_name, SSN, Age, Address, Card, Registration_Date) VALUES (3, 'Timothy Russell', '887-93-9125', 33, '569 Robert Harbor, East Alejandrobury, KY 49729', '4734153750328', '2024-04-21');
INSERT INTO Customer (Customer_ID, Full_name, SSN, Age, Address, Card, Registration_Date) VALUES (4, 'Eric Moreno', '374-39-0070', 69, '35046 Wood Inlet, Port Deborah, DE 86321', '6011831033749948', '2023-06-14');
INSERT INTO Customer (Customer_ID, Full_name, SSN, Age, Address, Card, Registration_Date) VALUES (5, 'Austin Burgess', '480-14-5738', 62, '25697 Michael Junction, Morenoville, ME 44305', '4893121242600', '2024-06-25');
INSERT INTO Customer (Customer_ID, Full_name, SSN, Age, Address, Card, Registration_Date) VALUES (6, 'Christina Garcia', '093-07-3823', 57, 'USNS Hamilton, FPO AA 47331', '4745442021172966', '2023-12-14');
INSERT INTO Customer (Customer_ID, Full_name, SSN, Age, Address, Card, Registration_Date) VALUES (7, 'Paul Williams', '639-74-0804', 69, '0458 Morse Wells Suite 769, Lake Colleen, FL 68440', '502063469121', '2023-07-11');
INSERT INTO Customer (Customer_ID, Full_name, SSN, Age, Address, Card, Registration_Date) VALUES (8, 'Carol Graham', '294-72-3487', 29, '7021 Dougherty Lock, North Timothy, OK 38907', '676237245151', '2024-02-10');
INSERT INTO Customer (Customer_ID, Full_name, SSN, Age, Address, Card, Registration_Date) VALUES (9, 'James Gilbert', '240-12-7890', 23, '6938 Gutierrez Crescent, Gonzalezshire, MS 70454', '2702808147167004', '2024-10-27');
INSERT INTO Customer (Customer_ID, Full_name, SSN, Age, Address, Card, Registration_Date) VALUES (10, 'Thomas Quinn', '860-06-4235', 38, '13877 Samuel Extension Apt. 463, Mendozahaven, WA 97269', '375533874355107', '2024-07-25');
INSERT INTO Customer (Customer_ID, Full_name, SSN, Age, Address, Card, Registration_Date) VALUES (11, 'Matthew Armstrong', '687-88-6033', 53, 'USNS Miller, FPO AP 06947', '4089979210095791', '2023-06-21');
INSERT INTO Customer (Customer_ID, Full_name, SSN, Age, Address, Card, Registration_Date) VALUES (12, 'Andrea Shelton', '768-62-7785', 60, 'PSC 8738, Box 1472, APO AE 84166', '340533817823932', '2024-08-28');
INSERT INTO Customer (Customer_ID, Full_name, SSN, Age, Address, Card, Registration_Date) VALUES (13, 'Abigail Rich', '378-34-5155', 18, '85643 Robert Manor Apt. 824, Andrewbury, CT 71504', '6597202290455581', '2023-07-07');
INSERT INTO Customer (Customer_ID, Full_name, SSN, Age, Address, Card, Registration_Date) VALUES (14, 'Patrick Schneider', '702-57-0625', 71, '8665 Herrera Locks Suite 650, North Bruceview, VA 62587', '3527234875405030', '2024-10-20');
INSERT INTO Customer (Customer_ID, Full_name, SSN, Age, Address, Card, Registration_Date) VALUES (15, 'Rebecca Harrison', '031-51-0716', 51, '5077 Anderson Ranch, New Heidihaven, AZ 40029', '2642360042458024', '2024-12-19');
INSERT INTO Customer (Customer_ID, Full_name, SSN, Age, Address, Card, Registration_Date) VALUES (16, 'Thomas Moore', '005-31-5905', 68, '439 Brooke Fall, East Jessica, MS 73582', '3556170743299888', '2024-07-20');
INSERT INTO Customer (Customer_ID, Full_name, SSN, Age, Address, Card, Registration_Date) VALUES (17, 'Jeffrey Andrews', '123-56-3155', 38, '0013 Olson Radial, Robertborough, MN 29372', '502067279245', '2024-01-08');
INSERT INTO Customer (Customer_ID, Full_name, SSN, Age, Address, Card, Registration_Date) VALUES (18, 'Kathryn Johnston', '714-79-5062', 58, '09608 Macias Avenue Suite 549, Stephanieton, CO 94789', '4432060393957888321', '2023-05-05');
INSERT INTO Customer (Customer_ID, Full_name, SSN, Age, Address, Card, Registration_Date) VALUES (19, 'Catherine Davis', '160-56-0384', 48, '760 Banks Gardens Apt. 662, Lake Jack, WI 47671', '30380295643001', '2023-11-27');
INSERT INTO Customer (Customer_ID, Full_name, SSN, Age, Address, Card, Registration_Date) VALUES (20, 'Curtis Harrison', '767-82-2132', 18, '6271 William Estates, Brownport, NH 88208', '3526055314616312', '2025-01-21');
INSERT INTO Customer (Customer_ID, Full_name, SSN, Age, Address, Card, Registration_Date) VALUES (21, 'Henry Stanley', '615-33-7879', 43, '646 Veronica Rapids Suite 247, Fitzpatrickton, OH 25801', '060417579343', '2025-02-04');
INSERT INTO Customer (Customer_ID, Full_name, SSN, Age, Address, Card, Registration_Date) VALUES (22, 'Christy Perez', '153-44-8770', 49, '7973 Graham Port, East Jacob, OK 19569', '180084004073801', '2024-03-08');
INSERT INTO Customer (Customer_ID, Full_name, SSN, Age, Address, Card, Registration_Date) VALUES (23, 'Katherine Kennedy', '583-82-5238', 78, '832 Townsend Gardens Apt. 426, Port Holly, IN 52770', '3580618514738724', '2025-01-03');
INSERT INTO Customer (Customer_ID, Full_name, SSN, Age, Address, Card, Registration_Date) VALUES (24, 'Holly Wagner', '373-72-5178', 64, '853 Gregory Overpass, Martinezport, PA 17864', '2708982103715777', '2024-10-18');
INSERT INTO Customer (Customer_ID, Full_name, SSN, Age, Address, Card, Registration_Date) VALUES (25, 'Peter Peterson', '524-56-8721', 55, '3605 West Flat, Lake Andrewfort, AK 27003', '3506722879531962', '2023-04-07');
INSERT INTO Customer (Customer_ID, Full_name, SSN, Age, Address, Card, Registration_Date) VALUES (26, 'Kimberly Mckinney', '250-40-1267', 59, '2928 York Inlet Apt. 047, West Jessicafort, SC 13061', '3539275139380960', '2023-12-04');
INSERT INTO Customer (Customer_ID, Full_name, SSN, Age, Address, Card, Registration_Date) VALUES (27, 'April Patrick', '675-12-9900', 25, '09921 Davis Ports Apt. 879, Hahnview, TN 10848', '6011413271270802', '2024-06-20');
INSERT INTO Customer (Customer_ID, Full_name, SSN, Age, Address, Card, Registration_Date) VALUES (28, 'Sarah Chang', '663-10-8252', 41, '46515 Hancock Land Apt. 852, Sandersfort, NH 55272', '3552343068903624', '2024-07-26');
INSERT INTO Customer (Customer_ID, Full_name, SSN, Age, Address, Card, Registration_Date) VALUES (29, 'Jose Miller', '334-21-5327', 55, '3602 Swanson Freeway Suite 694, North Alyssa, MA 22411', '060489653752', '2024-01-06');
INSERT INTO Customer (Customer_ID, Full_name, SSN, Age, Address, Card, Registration_Date) VALUES (30, 'Sarah Meyers', '732-08-9913', 72, '761 Compton Street, West Joelfurt, MD 54471', '4543376877735031884', '2025-03-23');
INSERT INTO Customer (Customer_ID, Full_name, SSN, Age, Address, Card, Registration_Date) VALUES (31, 'Cassandra Rosario', '789-31-3984', 24, 'Unit 4487 Box 1403, DPO AP 94178', '4955930157182684336', '2024-01-13');
INSERT INTO Customer (Customer_ID, Full_name, SSN, Age, Address, Card, Registration_Date) VALUES (32, 'Kristin Jones', '203-30-5703', 40, 'Unit 3338 Box 8020, DPO AE 28882', '4555659472270713', '2025-01-11');
INSERT INTO Customer (Customer_ID, Full_name, SSN, Age, Address, Card, Registration_Date) VALUES (33, 'David Mcguire', '175-13-4193', 50, '2008 Erin Pike, Johnfurt, AK 52510', '4040440839194605185', '2024-10-05');
INSERT INTO Customer (Customer_ID, Full_name, SSN, Age, Address, Card, Registration_Date) VALUES (34, 'Lisa Kelley', '479-64-9305', 54, '26327 Poole Pine, South Donnaburgh, MT 67083', '30560729129814', '2024-09-19');
INSERT INTO Customer (Customer_ID, Full_name, SSN, Age, Address, Card, Registration_Date) VALUES (35, 'Tyler Roberts', '623-70-1726', 24, '498 Johnson Flats, West Christopherside, SC 91181', '3588118232415459', '2023-12-07');
INSERT INTO Customer (Customer_ID, Full_name, SSN, Age, Address, Card, Registration_Date) VALUES (36, 'Anthony Bray', '034-78-5515', 49, 'PSC 0476, Box 1653, APO AA 41064', '213166569867528', '2024-02-06');
INSERT INTO Customer (Customer_ID, Full_name, SSN, Age, Address, Card, Registration_Date) VALUES (37, 'John Schmidt', '382-80-2998', 62, '910 Victoria Mountain Apt. 156, Greenefurt, VA 22038', '4166231411054', '2023-10-11');
INSERT INTO Customer (Customer_ID, Full_name, SSN, Age, Address, Card, Registration_Date) VALUES (38, 'Marcus Perry', '060-62-3676', 80, '3839 Green Valley Suite 306, New Jennifer, CT 57081', '4670968891916255', '2023-07-12');
INSERT INTO Customer (Customer_ID, Full_name, SSN, Age, Address, Card, Registration_Date) VALUES (39, 'Jonathan Wells', '272-45-2764', 61, '158 Brown Island Apt. 528, Lake Richardland, VT 45563', '060493216687', '2024-10-29');
INSERT INTO Customer (Customer_ID, Full_name, SSN, Age, Address, Card, Registration_Date) VALUES (40, 'Keith Walker', '798-71-2605', 69, '160 Gibbs Park Apt. 511, Oneillchester, MT 18064', '6011189737781422', '2024-10-22');
INSERT INTO Customer (Customer_ID, Full_name, SSN, Age, Address, Card, Registration_Date) VALUES (41, 'Mary Young', '523-75-7836', 33, '027 Mitchell Vista, East Cynthia, IL 32592', '4538122383966641126', '2025-01-27');
INSERT INTO Customer (Customer_ID, Full_name, SSN, Age, Address, Card, Registration_Date) VALUES (42, 'Abigail Bradshaw', '134-59-6700', 78, '38476 Newton Junctions, South Keithstad, WY 79707', '676289298413', '2024-09-15');
INSERT INTO Customer (Customer_ID, Full_name, SSN, Age, Address, Card, Registration_Date) VALUES (43, 'Amy Armstrong', '214-14-1731', 20, '0121 Hopkins Park Suite 942, East Stacey, OK 12520', '370326646954504', '2023-03-28');
INSERT INTO Customer (Customer_ID, Full_name, SSN, Age, Address, Card, Registration_Date) VALUES (44, 'Gary Kennedy', '069-08-9597', 63, '039 Michele Coves Suite 565, Alisonborough, UT 15060', '30376126424538', '2023-04-10');
INSERT INTO Customer (Customer_ID, Full_name, SSN, Age, Address, Card, Registration_Date) VALUES (45, 'Elizabeth Grant', '756-30-4616', 52, '22222 Glenn Springs, Amyfort, LA 53806', '4863373406360155', '2023-10-21');
INSERT INTO Customer (Customer_ID, Full_name, SSN, Age, Address, Card, Registration_Date) VALUES (46, 'Alex Brown', '865-49-9338', 38, '2733 Luke Parkway Apt. 282, Gatesmouth, WI 64386', '375169175593722', '2023-11-29');
INSERT INTO Customer (Customer_ID, Full_name, SSN, Age, Address, Card, Registration_Date) VALUES (47, 'John Bautista', '718-70-8425', 48, '58252 Williams Throughway, Gonzalezburgh, NV 35373', '3572132715055938', '2024-03-26');
INSERT INTO Customer (Customer_ID, Full_name, SSN, Age, Address, Card, Registration_Date) VALUES (48, 'Amber Griffin', '634-36-4913', 58, '652 Holmes Corners Apt. 222, Morantown, NY 65924', '30005407298952', '2024-03-13');
INSERT INTO Customer (Customer_ID, Full_name, SSN, Age, Address, Card, Registration_Date) VALUES (49, 'Julia Bell', '067-91-0350', 36, 'USCGC Smith, FPO AA 17178', '4683512998590238114', '2025-01-09');
INSERT INTO Customer (Customer_ID, Full_name, SSN, Age, Address, Card, Registration_Date) VALUES (50, 'Kelsey Travis', '186-51-4758', 27, 'USNV Mcneil, FPO AA 73673', '4393163908564464', '2024-05-19');
INSERT INTO Customer (Customer_ID, Full_name, SSN, Age, Address, Card, Registration_Date) VALUES (51, 'Craig Ward', '896-05-6736', 63, '056 Baird Flat, North Angelaborough, WV 29957', '2261949525554745', '2024-08-24');
INSERT INTO Customer (Customer_ID, Full_name, SSN, Age, Address, Card, Registration_Date) VALUES (52, 'Angel Marsh', '024-71-8974', 23, '921 Scott Plains, Maldonadochester, HI 14818', '30087259849736', '2023-08-01');
INSERT INTO Customer (Customer_ID, Full_name, SSN, Age, Address, Card, Registration_Date) VALUES (53, 'Christopher Lang', '590-39-9587', 55, '67481 Alicia Ferry Apt. 350, New Christinefort, MD 45841', '3558828747385106', '2024-03-20');
INSERT INTO Customer (Customer_ID, Full_name, SSN, Age, Address, Card, Registration_Date) VALUES (54, 'April Fox', '769-21-2510', 72, '3551 Troy Fields, Port Anna, NC 95886', '3597747375117933', '2023-09-11');
INSERT INTO Customer (Customer_ID, Full_name, SSN, Age, Address, Card, Registration_Date) VALUES (55, 'Robert Kim', '782-50-5313', 74, '1812 Donald Center, West Robert, NH 47904', '30531871626154', '2024-03-11');
INSERT INTO Customer (Customer_ID, Full_name, SSN, Age, Address, Card, Registration_Date) VALUES (56, 'Joshua Bush', '394-67-6240', 47, 'Unit 1180 Box 6579, DPO AP 95592', '30182096499090', '2023-09-13');
INSERT INTO Customer (Customer_ID, Full_name, SSN, Age, Address, Card, Registration_Date) VALUES (57, 'Andrew Santos', '252-21-6255', 60, '19863 Zimmerman Way Suite 810, Port Michaelside, MT 65318', '3595777898468887', '2024-10-12');
INSERT INTO Customer (Customer_ID, Full_name, SSN, Age, Address, Card, Registration_Date) VALUES (58, 'Zachary Brennan', '333-62-9838', 79, 'USCGC Mccarthy, FPO AE 63444', '6011316679239230', '2024-07-15');
INSERT INTO Customer (Customer_ID, Full_name, SSN, Age, Address, Card, Registration_Date) VALUES (59, 'Matthew Holloway', '162-02-8915', 51, 'PSC 4936, Box 3282, APO AA 41911', '345304851974832', '2025-01-25');
INSERT INTO Customer (Customer_ID, Full_name, SSN, Age, Address, Card, Registration_Date) VALUES (60, 'Lynn Lane', '111-94-4356', 37, '49569 Brian Prairie Suite 974, North Gerald, OK 10231', '30308790488671', '2024-03-14');
INSERT INTO Customer (Customer_ID, Full_name, SSN, Age, Address, Card, Registration_Date) VALUES (61, 'Joshua Solis', '652-73-2882', 57, '232 Denise Road, Johnsonberg, TX 23965', '4152368934341351709', '2024-05-11');
INSERT INTO Customer (Customer_ID, Full_name, SSN, Age, Address, Card, Registration_Date) VALUES (62, 'Shelby Morris', '444-63-5781', 52, '966 Freeman Turnpike Apt. 430, West Paul, MS 68460', '4942575058698005560', '2023-11-22');
INSERT INTO Customer (Customer_ID, Full_name, SSN, Age, Address, Card, Registration_Date) VALUES (63, 'Vanessa Reed', '770-80-8445', 66, '558 Mccarthy Crossroad, North Meganland, AL 14343', '4420871342179585508', '2024-11-27');
INSERT INTO Customer (Customer_ID, Full_name, SSN, Age, Address, Card, Registration_Date) VALUES (64, 'Dustin Mitchell', '320-30-2475', 45, 'PSC 6055, Box 7872, APO AA 30531', '4356611602550', '2023-08-02');
INSERT INTO Customer (Customer_ID, Full_name, SSN, Age, Address, Card, Registration_Date) VALUES (65, 'Patrick Lucas', '453-43-7612', 30, '78102 Miller Pass, Jeromeville, MD 24832', '4316836636262', '2025-02-21');
INSERT INTO Customer (Customer_ID, Full_name, SSN, Age, Address, Card, Registration_Date) VALUES (66, 'David Davis', '026-67-2185', 68, '82745 Cline Flats, Mooreport, KY 51247', '4027263696722933187', '2023-04-02');
INSERT INTO Customer (Customer_ID, Full_name, SSN, Age, Address, Card, Registration_Date) VALUES (67, 'Mark Braun', '897-41-9171', 18, 'USS Conner, FPO AP 19033', '30131350792690', '2024-06-01');
INSERT INTO Customer (Customer_ID, Full_name, SSN, Age, Address, Card, Registration_Date) VALUES (68, 'Barbara Harris', '259-75-7169', 60, '72763 Sarah Path, Matthewborough, WA 12943', '4539447769866547', '2024-05-12');
INSERT INTO Customer (Customer_ID, Full_name, SSN, Age, Address, Card, Registration_Date) VALUES (69, 'Sarah Lynch', '400-33-7953', 64, '67432 Marks Divide Apt. 586, Ryanport, AK 59035', '30293378967835', '2024-07-27');
INSERT INTO Customer (Customer_ID, Full_name, SSN, Age, Address, Card, Registration_Date) VALUES (70, 'Andrea Smith', '708-49-1525', 52, '556 Lewis Inlet Apt. 046, Dennisberg, MO 40633', '4713043011448', '2024-06-26');